{"v":"5.9.0","fr":30,"ip":0,"op":301,"w":500,"h":550,"nm":"main","ddd":0,"assets":[],"layers":[{"ddd":0,"ind":3,"ty":4,"nm":"circle1","sr":1,"ks":{"o":{"a":0,"k":100,"ix":11},"r":{"a":0,"k":0,"ix":10},"p":{"a":1,"k":[{"i":{"x":0.511,"y":1},"o":{"x":0.001,"y":0},"t":29,"s":[173.562,299.046,0],"to":[0,0,0],"ti":[-25.562,60.454,0]},{"t":240,"s":[190.062,89.046,0]}],"ix":2,"l":2},"a":{"a":0,"k":[0,0,0],"ix":1,"l":2},"s":{"a":0,"k":[100,100,100],"ix":6,"l":2}},"ao":0,"shapes":[{"ty":"gr","it":[{"ind":0,"ty":"sh","ix":1,"ks":{"a":0,"k":{"i":[[0,2.645],[2.645,0],[0,-2.645],[-2.645,0]],"o":[[0,-2.645],[-2.645,0],[0,2.645],[2.645,0]],"v":[[4.79,0],[0,-4.79],[-4.79,0],[0,4.79]],"c":true},"ix":2},"nm":"Path 1","mn":"ADBE Vector Shape - Group","hd":false},{"ty":"fl","c":{"a":0,"k":[1,1,1,1],"ix":4},"o":{"a":0,"k":100,"ix":5},"r":1,"bm":0,"nm":"Fill 1","mn":"ADBE Vector Graphic - Fill","hd":false},{"ty":"tr","p":{"a":0,"k":[0,0],"ix":2},"a":{"a":0,"k":[0,0],"ix":1},"s":{"a":0,"k":[100,100],"ix":3},"r":{"a":0,"k":0,"ix":6},"o":{"a":0,"k":100,"ix":7},"sk":{"a":0,"k":0,"ix":4},"sa":{"a":0,"k":0,"ix":5},"nm":"Transform"}],"nm":"Group 1","np":2,"cix":2,"bm":0,"ix":1,"mn":"ADBE Vector Group","hd":false}],"ip":29,"op":1829,"st":29,"bm":0},{"ddd":0,"ind":4,"ty":4,"nm":"circle4","sr":1,"ks":{"o":{"a":0,"k":100,"ix":11},"r":{"a":0,"k":0,"ix":10},"p":{"a":1,"k":[{"i":{"x":0.246,"y":0.724},"o":{"x":0.001,"y":0},"t":29,"s":[154.379,356.559,0],"to":[0,0,0],"ti":[0,0,0]},{"i":{"x":0.831,"y":0.999},"o":{"x":0.193,"y":0.584},"t":40,"s":[101.758,357.449,0],"to":[0,0,0],"ti":[15.827,-56.327,0]},{"t":240,"s":[11.879,418.559,0]}],"ix":2,"l":2},"a":{"a":0,"k":[0,0,0],"ix":1,"l":2},"s":{"a":0,"k":[100,100,100],"ix":6,"l":2}},"ao":0,"shapes":[{"ty":"gr","it":[{"ind":0,"ty":"sh","ix":1,"ks":{"a":0,"k":{"i":[[0,4.265],[4.265,0],[0,-4.265],[-4.265,0]],"o":[[0,-4.265],[-4.265,0],[0,4.265],[4.265,0]],"v":[[7.722,0],[0,-7.722],[-7.722,0],[0,7.722]],"c":true},"ix":2},"nm":"Path 1","mn":"ADBE Vector Shape - Group","hd":false},{"ty":"fl","c":{"a":0,"k":[1,0.811764717102,0.117647059262,1],"ix":4},"o":{"a":0,"k":100,"ix":5},"r":1,"bm":0,"nm":"Fill 1","mn":"ADBE Vector Graphic - Fill","hd":false},{"ty":"tr","p":{"a":0,"k":[0,0],"ix":2},"a":{"a":0,"k":[0,0],"ix":1},"s":{"a":0,"k":[100,100],"ix":3},"r":{"a":0,"k":0,"ix":6},"o":{"a":0,"k":100,"ix":7},"sk":{"a":0,"k":0,"ix":4},"sa":{"a":0,"k":0,"ix":5},"nm":"Transform"}],"nm":"Group 1","np":2,"cix":2,"bm":0,"ix":1,"mn":"ADBE Vector Group","hd":false}],"ip":29,"op":1829,"st":29,"bm":0},{"ddd":0,"ind":5,"ty":4,"nm":"circle2","sr":1,"ks":{"o":{"a":0,"k":100,"ix":11},"r":{"a":0,"k":0,"ix":10},"p":{"a":1,"k":[{"i":{"x":0.511,"y":1},"o":{"x":0.001,"y":0},"t":29,"s":[298.062,235.546,0],"to":[0,0,0],"ti":[46.438,74.954,0]},{"t":240,"s":[288.562,65.546,0]}],"ix":2,"l":2},"a":{"a":0,"k":[0,0,0],"ix":1,"l":2},"s":{"a":0,"k":[100,100,100],"ix":6,"l":2}},"ao":0,"shapes":[{"ty":"gr","it":[{"ind":0,"ty":"sh","ix":1,"ks":{"a":0,"k":{"i":[[0,4.933],[4.933,0],[0,-4.933],[-4.933,0]],"o":[[0,-4.933],[-4.933,0],[0,4.933],[4.933,0]],"v":[[8.931,0],[0,-8.931],[-8.931,0],[0,8.931]],"c":true},"ix":2},"nm":"Path 1","mn":"ADBE Vector Shape - Group","hd":false},{"ty":"fl","c":{"a":0,"k":[1,0.811764717102,0.117647059262,1],"ix":4},"o":{"a":0,"k":100,"ix":5},"r":1,"bm":0,"nm":"Fill 1","mn":"ADBE Vector Graphic - Fill","hd":false},{"ty":"tr","p":{"a":0,"k":[0,0],"ix":2},"a":{"a":0,"k":[0,0],"ix":1},"s":{"a":0,"k":[100,100],"ix":3},"r":{"a":0,"k":0,"ix":6},"o":{"a":0,"k":100,"ix":7},"sk":{"a":0,"k":0,"ix":4},"sa":{"a":0,"k":0,"ix":5},"nm":"Transform"}],"nm":"Group 1","np":2,"cix":2,"bm":0,"ix":1,"mn":"ADBE Vector Group","hd":false}],"ip":29,"op":1829,"st":29,"bm":0},{"ddd":0,"ind":6,"ty":4,"nm":"star1","sr":1,"ks":{"o":{"a":0,"k":100,"ix":11},"r":{"a":1,"k":[{"i":{"x":[0],"y":[0.947]},"o":{"x":[0.001],"y":[0]},"t":29,"s":[0]},{"i":{"x":[0.667],"y":[1]},"o":{"x":[0.24],"y":[0.172]},"t":40,"s":[-206]},{"t":240,"s":[-491]}],"ix":10},"p":{"a":1,"k":[{"i":{"x":0.246,"y":0.876},"o":{"x":0.001,"y":0},"t":29,"s":[209.635,208.687,0],"to":[0,0,0],"ti":[0,0,0]},{"i":{"x":0.831,"y":0.999},"o":{"x":0.193,"y":0.358},"t":40,"s":[206.635,92.187,0],"to":[-13.135,-105.437,0],"ti":[1.865,-48.937,0]},{"t":240,"s":[81.385,65.437,0]}],"ix":2,"l":2},"a":{"a":0,"k":[0,0,0],"ix":1,"l":2},"s":{"a":0,"k":[100,100,100],"ix":6,"l":2}},"ao":0,"shapes":[{"ty":"gr","it":[{"ind":0,"ty":"sh","ix":1,"ks":{"a":0,"k":{"i":[[0,0],[0,0],[2.321,-1.072],[0,0],[0,0],[1.072,2.321],[0,0],[0,0],[-2.321,1.072],[0,0],[0,0],[-1.072,-2.321]],"o":[[0,0],[2.318,1.079],[0,0],[0,0],[-1.079,2.318],[0,0],[0,0],[-2.318,-1.079],[0,0],[0,0],[1.079,-2.318],[0,0]],"v":[[7.341,-7.318],[17.263,-2.698],[17.255,2.752],[7.318,7.341],[2.698,17.263],[-2.752,17.255],[-7.341,7.318],[-17.263,2.698],[-17.255,-2.752],[-7.318,-7.341],[-2.698,-17.263],[2.752,-17.255]],"c":true},"ix":2},"nm":"Path 1","mn":"ADBE Vector Shape - Group","hd":false},{"ty":"fl","c":{"a":0,"k":[1,0.811764717102,0.117647059262,1],"ix":4},"o":{"a":0,"k":100,"ix":5},"r":1,"bm":0,"nm":"Fill 1","mn":"ADBE Vector Graphic - Fill","hd":false},{"ty":"tr","p":{"a":0,"k":[0,0],"ix":2},"a":{"a":0,"k":[0,0],"ix":1},"s":{"a":0,"k":[100,100],"ix":3},"r":{"a":0,"k":0,"ix":6},"o":{"a":0,"k":100,"ix":7},"sk":{"a":0,"k":0,"ix":4},"sa":{"a":0,"k":0,"ix":5},"nm":"Transform"}],"nm":"Group 1","np":2,"cix":2,"bm":0,"ix":1,"mn":"ADBE Vector Group","hd":false}],"ip":29,"op":1829,"st":29,"bm":0},{"ddd":0,"ind":7,"ty":4,"nm":"star2","sr":1,"ks":{"o":{"a":0,"k":100,"ix":11},"r":{"a":1,"k":[{"i":{"x":[0.246],"y":[0.885]},"o":{"x":[0.001],"y":[0]},"t":29,"s":[0]},{"t":50,"s":[240]}],"ix":10},"p":{"a":1,"k":[{"i":{"x":0.246,"y":0.804},"o":{"x":0.001,"y":0},"t":29,"s":[308.553,372.187,0],"to":[55.197,-48.937,0],"ti":[0,0,0]},{"t":50,"s":[441.803,344.437,0]}],"ix":2,"l":2},"a":{"a":0,"k":[0,0,0],"ix":1,"l":2},"s":{"a":1,"k":[{"i":{"x":[0.246,0.246,0.246],"y":[1.19,1.19,-16.143]},"o":{"x":[0.001,0.001,0.001],"y":[0,0,0]},"t":37,"s":[100,100,100]},{"t":50,"s":[10,10,100]}],"ix":6,"l":2}},"ao":0,"shapes":[{"ty":"gr","it":[{"ind":0,"ty":"sh","ix":1,"ks":{"a":0,"k":{"i":[[0,0],[0,0],[1.61,-0.744],[0,0],[0,0],[0.744,1.61],[0,0],[0,0],[-1.61,0.744],[0,0],[0,0],[-0.744,-1.61]],"o":[[0,0],[1.608,0.749],[0,0],[0,0],[-0.749,1.608],[0,0],[0,0],[-1.608,-0.749],[0,0],[0,0],[0.749,-1.608],[0,0]],"v":[[5.092,-5.076],[11.975,-1.871],[11.969,1.909],[5.076,5.092],[1.871,11.975],[-1.909,11.969],[-5.092,5.076],[-11.975,1.871],[-11.969,-1.909],[-5.076,-5.092],[-1.871,-11.975],[1.909,-11.969]],"c":true},"ix":2},"nm":"Path 1","mn":"ADBE Vector Shape - Group","hd":false},{"ty":"fl","c":{"a":0,"k":[1,0.811764717102,0.117647059262,1],"ix":4},"o":{"a":0,"k":100,"ix":5},"r":1,"bm":0,"nm":"Fill 1","mn":"ADBE Vector Graphic - Fill","hd":false},{"ty":"tr","p":{"a":0,"k":[0,0],"ix":2},"a":{"a":0,"k":[0,0],"ix":1},"s":{"a":0,"k":[100,100],"ix":3},"r":{"a":0,"k":0,"ix":6},"o":{"a":0,"k":100,"ix":7},"sk":{"a":0,"k":0,"ix":4},"sa":{"a":0,"k":0,"ix":5},"nm":"Transform"}],"nm":"Group 1","np":2,"cix":2,"bm":0,"ix":1,"mn":"ADBE Vector Group","hd":false}],"ip":29,"op":47,"st":29,"bm":0},{"ddd":0,"ind":8,"ty":4,"nm":"rect","sr":1,"ks":{"o":{"a":0,"k":100,"ix":11},"r":{"a":1,"k":[{"i":{"x":[0.246],"y":[0.945]},"o":{"x":[0.001],"y":[0]},"t":29,"s":[0]},{"i":{"x":[0.831],"y":[0.999]},"o":{"x":[0.193],"y":[0.392]},"t":40,"s":[263]},{"t":240,"s":[435]}],"ix":10},"p":{"a":1,"k":[{"i":{"x":0.246,"y":0.779},"o":{"x":0.001,"y":0},"t":29,"s":[273.79,401.213,0],"to":[13.458,-16.133,0],"ti":[-19.72,-18.71,0]},{"i":{"x":0.831,"y":0.999},"o":{"x":0.193,"y":0.687},"t":40,"s":[332.07,401.913,0],"to":[19.72,18.71,0],"ti":[0,0,0]},{"t":240,"s":[378.79,487.713,0]}],"ix":2,"l":2},"a":{"a":0,"k":[0,0,0],"ix":1,"l":2},"s":{"a":0,"k":[100,100,100],"ix":6,"l":2}},"ao":0,"shapes":[{"ty":"gr","it":[{"ind":0,"ty":"sh","ix":1,"ks":{"a":0,"k":{"i":[[0,0],[0,0],[0,0],[0,0]],"o":[[0,0],[0,0],[0,0],[0,0]],"v":[[13.521,-13.521],[-13.521,-13.521],[-13.521,13.521],[13.521,13.521]],"c":true},"ix":2},"nm":"Path 1","mn":"ADBE Vector Shape - Group","hd":false},{"ty":"fl","c":{"a":0,"k":[0.807843148708,0.270588248968,0.274509817362,1],"ix":4},"o":{"a":0,"k":100,"ix":5},"r":1,"bm":0,"nm":"Fill 1","mn":"ADBE Vector Graphic - Fill","hd":false},{"ty":"tr","p":{"a":0,"k":[0,0],"ix":2},"a":{"a":0,"k":[0,0],"ix":1},"s":{"a":0,"k":[100,100],"ix":3},"r":{"a":0,"k":0,"ix":6},"o":{"a":0,"k":100,"ix":7},"sk":{"a":0,"k":0,"ix":4},"sa":{"a":0,"k":0,"ix":5},"nm":"Transform"}],"nm":"Group 1","np":2,"cix":2,"bm":0,"ix":1,"mn":"ADBE Vector Group","hd":false}],"ip":29,"op":1829,"st":29,"bm":0},{"ddd":0,"ind":9,"ty":4,"nm":"burst","sr":1,"ks":{"o":{"a":0,"k":100,"ix":11},"r":{"a":0,"k":-48.194,"ix":10},"p":{"a":0,"k":[243.605,96.914,0],"ix":2,"l":2},"a":{"a":0,"k":[280.627,86.646,0],"ix":1,"l":2},"s":{"a":0,"k":[100,100.783,100],"ix":6,"l":2}},"ao":0,"shapes":[{"ty":"gr","it":[{"ind":0,"ty":"sh","ix":1,"ks":{"a":0,"k":{"i":[[0,0],[0,0]],"o":[[0,0],[0,0]],"v":[[-11.669,0],[15.684,-2.303]],"c":false},"ix":2},"nm":"Path 1","mn":"ADBE Vector Shape - Group","hd":false},{"ty":"st","c":{"a":0,"k":[1,1,1,1],"ix":3},"o":{"a":0,"k":100,"ix":4},"w":{"a":0,"k":4.101,"ix":5},"lc":2,"lj":2,"bm":0,"nm":"Stroke 1","mn":"ADBE Vector Graphic - Stroke","hd":false},{"ty":"tr","p":{"a":0,"k":[314.535,86.646],"ix":2},"a":{"a":0,"k":[0,0],"ix":1},"s":{"a":0,"k":[100,100],"ix":3},"r":{"a":0,"k":0,"ix":6},"o":{"a":0,"k":100,"ix":7},"sk":{"a":0,"k":0,"ix":4},"sa":{"a":0,"k":0,"ix":5},"nm":"Transform"}],"nm":"Group 1","np":2,"cix":2,"bm":0,"ix":1,"mn":"ADBE Vector Group","hd":false},{"ty":"gr","it":[{"ind":0,"ty":"sh","ix":1,"ks":{"a":0,"k":{"i":[[0,0],[0,0]],"o":[[0,0],[0,0]],"v":[[-15.212,14.763],[15.212,-14.763]],"c":false},"ix":2},"nm":"Path 1","mn":"ADBE Vector Shape - Group","hd":false},{"ty":"st","c":{"a":0,"k":[1,1,1,1],"ix":3},"o":{"a":0,"k":100,"ix":4},"w":{"a":0,"k":4.101,"ix":5},"lc":2,"lj":2,"bm":0,"nm":"Stroke 1","mn":"ADBE Vector Graphic - Stroke","hd":false},{"ty":"tr","p":{"a":0,"k":[309.912,56.32],"ix":2},"a":{"a":0,"k":[0,0],"ix":1},"s":{"a":0,"k":[100,100],"ix":3},"r":{"a":0,"k":0,"ix":6},"o":{"a":0,"k":100,"ix":7},"sk":{"a":0,"k":0,"ix":4},"sa":{"a":0,"k":0,"ix":5},"nm":"Transform"}],"nm":"Group 2","np":2,"cix":2,"bm":0,"ix":2,"mn":"ADBE Vector Group","hd":false},{"ty":"gr","it":[{"ind":0,"ty":"sh","ix":1,"ks":{"a":0,"k":{"i":[[0,0],[0,0]],"o":[[0,0],[0,0]],"v":[[-1.774,15.207],[1.238,-12.19]],"c":false},"ix":2},"nm":"Path 1","mn":"ADBE Vector Shape - Group","hd":false},{"ty":"st","c":{"a":0,"k":[1,1,1,1],"ix":3},"o":{"a":0,"k":100,"ix":4},"w":{"a":0,"k":4.101,"ix":5},"lc":2,"lj":2,"bm":0,"nm":"Stroke 1","mn":"ADBE Vector Graphic - Stroke","hd":false},{"ty":"tr","p":{"a":0,"k":[281.865,44.953],"ix":2},"a":{"a":0,"k":[0,0],"ix":1},"s":{"a":0,"k":[100,100],"ix":3},"r":{"a":0,"k":0,"ix":6},"o":{"a":0,"k":100,"ix":7},"sk":{"a":0,"k":0,"ix":4},"sa":{"a":0,"k":0,"ix":5},"nm":"Transform"}],"nm":"Group 3","np":2,"cix":2,"bm":0,"ix":3,"mn":"ADBE Vector Group","hd":false},{"ty":"tm","s":{"a":1,"k":[{"i":{"x":[0.521],"y":[1]},"o":{"x":[0.181],"y":[0]},"t":31,"s":[0]},{"t":35,"s":[100]}],"ix":1},"e":{"a":1,"k":[{"i":{"x":[0.521],"y":[1]},"o":{"x":[0.181],"y":[0]},"t":28,"s":[0]},{"t":32,"s":[100]}],"ix":2},"o":{"a":0,"k":0,"ix":3},"m":1,"ix":4,"nm":"Trim Paths 1","mn":"ADBE Vector Filter - Trim","hd":false}],"ip":28,"op":1828,"st":28,"bm":0},{"ddd":0,"ind":10,"ty":4,"nm":"pot_left1","parent":18,"sr":1,"ks":{"o":{"a":0,"k":100,"ix":11},"r":{"a":1,"k":[{"i":{"x":[0],"y":[0.89]},"o":{"x":[0],"y":[0]},"t":29,"s":[0]},{"i":{"x":[0.831],"y":[1.012]},"o":{"x":[0.174],"y":[0.376]},"t":41,"s":[-19]},{"t":240,"s":[-30]}],"ix":10},"p":{"a":1,"k":[{"i":{"x":0,"y":0.888},"o":{"x":0.001,"y":0},"t":29,"s":[183.293,226.895,0],"to":[0,0,0],"ti":[15.507,3.75,0]},{"i":{"x":0.831,"y":0.992},"o":{"x":0.123,"y":1},"t":41,"s":[113.07,193.457,0],"to":[-15.507,-3.75,0],"ti":[0,0,0]},{"t":240,"s":[95.87,190.698,0]}],"ix":2,"l":2},"a":{"a":0,"k":[183.293,226.895,0],"ix":1,"l":2},"s":{"a":0,"k":[100,100,100],"ix":6,"l":2}},"ao":0,"shapes":[{"ty":"gr","it":[{"ind":0,"ty":"sh","ix":1,"ks":{"a":0,"k":{"i":[[3.093,0],[4.89,4.76],[11.91,0],[2.73,-0.95],[0,0],[-3.02,0],[-4.89,-4.76],[-11.9,0],[-1.807,0.349],[0,0]],"o":[[-8.65,0],[-5.37,-5.22],[-3.7,0],[0,0],[2.15,-0.86],[8.66,0],[5.37,5.22],[2.16,0],[0,0],[-2.195,0.889]],"v":[[21.446,6],[3.676,-2.86],[-19.684,-14],[-29.254,-12.48],[-27.344,-4.64],[-19.684,-6],[-1.904,2.87],[21.446,14],[27.377,13.451],[29.254,4.581]],"c":true},"ix":2},"nm":"Path 1","mn":"ADBE Vector Shape - Group","hd":false},{"ty":"fl","c":{"a":0,"k":[1,1,1,1],"ix":4},"o":{"a":0,"k":100,"ix":5},"r":1,"bm":0,"nm":"Fill 1","mn":"ADBE Vector Graphic - Fill","hd":false},{"ty":"tr","p":{"a":0,"k":[138.154,319.51],"ix":2},"a":{"a":0,"k":[0,0],"ix":1},"s":{"a":0,"k":[100,100],"ix":3},"r":{"a":0,"k":0,"ix":6},"o":{"a":0,"k":100,"ix":7},"sk":{"a":0,"k":0,"ix":4},"sa":{"a":0,"k":0,"ix":5},"nm":"Transform"}],"nm":"Group 1","np":2,"cix":2,"bm":0,"ix":1,"mn":"ADBE Vector Group","hd":false},{"ty":"gr","it":[{"ind":0,"ty":"sh","ix":1,"ks":{"a":0,"k":{"i":[[0.3,-0.059],[-0.426,-2.167],[-2.165,0.426],[-7.157,0.763],[0,0]],"o":[[-2.167,0.427],[0.427,2.167],[0.082,-0.016],[0,0],[-5.744,0.708]],"v":[[-5.282,-3.206],[-8.433,1.491],[-3.736,4.643],[8.509,2.893],[4.598,-4.719]],"c":true},"ix":2},"nm":"Path 1","mn":"ADBE Vector Shape - Group","hd":false},{"ty":"fl","c":{"a":0,"k":[0,0.286274522543,0.525490224361,1],"ix":4},"o":{"a":0,"k":100,"ix":5},"r":1,"bm":0,"nm":"Fill 1","mn":"ADBE Vector Graphic - Fill","hd":false},{"ty":"tr","p":{"a":0,"k":[235.832,182.725],"ix":2},"a":{"a":0,"k":[0,0],"ix":1},"s":{"a":0,"k":[100,100],"ix":3},"r":{"a":0,"k":0,"ix":6},"o":{"a":0,"k":100,"ix":7},"sk":{"a":0,"k":0,"ix":4},"sa":{"a":0,"k":0,"ix":5},"nm":"Transform"}],"nm":"Group 2","np":2,"cix":2,"bm":0,"ix":2,"mn":"ADBE Vector Group","hd":false},{"ty":"gr","it":[{"ind":0,"ty":"sh","ix":1,"ks":{"a":0,"k":{"i":[[0,0],[0,0],[0,0],[0,0],[0,0],[0,0],[0,0],[0,0],[0,0],[0,0],[0,0],[0,0],[0,0],[0,0],[0,0],[0,0],[0,0],[0,0],[1.45,-9.63],[0,0],[-2.77,0],[0,0],[0,0],[0,-60.75],[-2.61,-11.79],[-0.7,-2.6],[-3.578,-8.125],[0,0]],"o":[[0,0],[0,0],[0,0],[0,0],[0,0],[0,0],[0,0],[0,0],[0,0],[0,0],[0,0],[0,0],[0,0],[0,0],[0,0],[0,0],[0,0],[-9.73,0],[0,0],[-0.41,2.74],[0,0],[0,0],[-47.99,14.47],[0,12.13],[0.57,2.63],[2.337,8.69],[0,0],[0,0]],"v":[[-43.853,104.8],[-19.703,115.235],[-11.952,78.615],[11.303,74.391],[31.874,59.186],[48.57,63.658],[41.707,34.44],[54.533,29.074],[59.899,16.85],[78.384,5.521],[54.085,-10.877],[61.986,-39.451],[46.185,-70.206],[53.042,-83.92],[59.899,-90.479],[54.533,-110.156],[58.19,-115.235],[6.297,-115.235],[-13.153,-98.485],[-13.953,-93.175],[-9.473,-87.975],[4.277,-87.975],[4.277,-73.835],[-78.384,44.095],[-74.393,80.135],[-72.483,87.975],[-63.568,113.256],[-54.585,115.235]],"c":true},"ix":2},"nm":"Path 1","mn":"ADBE Vector Shape - Group","hd":false},{"ty":"fl","c":{"a":0,"k":[1,0.811764717102,0.117647059262,1],"ix":4},"o":{"a":0,"k":100,"ix":5},"r":1,"bm":0,"nm":"Fill 1","mn":"ADBE Vector Graphic - Fill","hd":false},{"ty":"tr","p":{"a":0,"k":[183.293,226.895],"ix":2},"a":{"a":0,"k":[0,0],"ix":1},"s":{"a":0,"k":[100,100],"ix":3},"r":{"a":0,"k":0,"ix":6},"o":{"a":0,"k":100,"ix":7},"sk":{"a":0,"k":0,"ix":4},"sa":{"a":0,"k":0,"ix":5},"nm":"Transform"}],"nm":"Group 3","np":2,"cix":2,"bm":0,"ix":3,"mn":"ADBE Vector Group","hd":false}],"ip":29,"op":1829,"st":29,"bm":0},{"ddd":0,"ind":11,"ty":4,"nm":"pot_left2","parent":18,"sr":1,"ks":{"o":{"a":0,"k":100,"ix":11},"r":{"a":1,"k":[{"i":{"x":[0],"y":[0.861]},"o":{"x":[0],"y":[0]},"t":29,"s":[0]},{"i":{"x":[0.833],"y":[1]},"o":{"x":[0.169],"y":[0.248]},"t":41,"s":[-7]},{"t":240,"s":[-15]}],"ix":10},"p":{"a":1,"k":[{"i":{"x":0,"y":1},"o":{"x":0.001,"y":0},"t":29,"s":[186.229,361.299,0],"to":[0,0,0],"ti":[14.297,-9.621,0]},{"i":{"x":0.833,"y":1},"o":{"x":0.169,"y":0},"t":41,"s":[133.396,387.127,0],"to":[-14.297,9.621,0],"ti":[0,0,0]},{"t":240,"s":[117.411,402.041,0]}],"ix":2,"l":2},"a":{"a":0,"k":[186.229,361.299,0],"ix":1,"l":2},"s":{"a":0,"k":[100,100,100],"ix":6,"l":2}},"ao":0,"shapes":[{"ty":"gr","it":[{"ind":0,"ty":"sh","ix":1,"ks":{"a":0,"k":{"i":[[0.565,0],[4.89,4.76],[11.91,0],[5.37,-5.22],[3.951,-1.601],[0,0],[-4.396,4.273],[-8.65,0],[-4.89,-4.76],[-11.9,0],[-1.326,0.174],[0,0]],"o":[[-8.66,0],[-5.37,-5.22],[-11.9,0],[-3.144,3.06],[0,0],[8.156,-1.577],[4.89,-4.76],[8.66,0],[5.36,5.22],[1.5,0],[0,0],[-0.529,0.034]],"v":[[36.048,6],[18.278,-2.86],[-5.082,-14],[-28.432,-2.86],[-38.403,4.581],[-40.281,13.451],[-22.852,2.87],[-5.082,-6],[12.698,2.87],[36.048,14],[40.281,13.731],[37.686,5.947]],"c":true},"ix":2},"nm":"Path 1","mn":"ADBE Vector Shape - Group","hd":false},{"ty":"fl","c":{"a":0,"k":[1,1,1,1],"ix":4},"o":{"a":0,"k":100,"ix":5},"r":1,"bm":0,"nm":"Fill 1","mn":"ADBE Vector Graphic - Fill","hd":false},{"ty":"tr","p":{"a":0,"k":[205.812,319.51],"ix":2},"a":{"a":0,"k":[0,0],"ix":1},"s":{"a":0,"k":[100,100],"ix":3},"r":{"a":0,"k":0,"ix":6},"o":{"a":0,"k":100,"ix":7},"sk":{"a":0,"k":0,"ix":4},"sa":{"a":0,"k":0,"ix":5},"nm":"Transform"}],"nm":"Group 1","np":2,"cix":2,"bm":0,"ix":1,"mn":"ADBE Vector Group","hd":false},{"ty":"gr","it":[{"ind":0,"ty":"sh","ix":1,"ks":{"a":0,"k":{"i":[[0,0],[0,0],[0,0],[0,0],[0,0],[0,0],[0,0],[0,0],[0,0],[0,0],[0,0],[0,0],[-21.697,-14.692],[0,0],[-3.94,-0.43],[-22.888,0.604],[0,0]],"o":[[0,0],[0,0],[0,0],[0,0],[0,0],[0,0],[0,0],[0,0],[0,0],[0,0],[0,0],[11.684,26.534],[0,0],[-1.23,3.77],[23.798,2.538],[0,0],[0,0]],"v":[[47.721,36.881],[41.094,19.25],[59.05,17.204],[66.504,-8.137],[45.634,-70.746],[28.939,-75.218],[8.367,-60.013],[-14.887,-55.789],[-22.639,-19.168],[-46.788,-29.603],[-57.521,-19.168],[-66.504,-21.148],[-15.209,42.921],[-22.089,63.981],[-16.819,72.131],[53.212,75.045],[43.249,52.086]],"c":true},"ix":2},"nm":"Path 1","mn":"ADBE Vector Shape - Group","hd":false},{"ty":"fl","c":{"a":0,"k":[1,0.811764717102,0.117647059262,1],"ix":4},"o":{"a":0,"k":100,"ix":5},"r":1,"bm":0,"nm":"Fill 1","mn":"ADBE Vector Graphic - Fill","hd":false},{"ty":"tr","p":{"a":0,"k":[186.229,361.299],"ix":2},"a":{"a":0,"k":[0,0],"ix":1},"s":{"a":0,"k":[100,100],"ix":3},"r":{"a":0,"k":0,"ix":6},"o":{"a":0,"k":100,"ix":7},"sk":{"a":0,"k":0,"ix":4},"sa":{"a":0,"k":0,"ix":5},"nm":"Transform"}],"nm":"Group 2","np":2,"cix":2,"bm":0,"ix":2,"mn":"ADBE Vector Group","hd":false}],"ip":29,"op":1829,"st":29,"bm":0},{"ddd":0,"ind":12,"ty":4,"nm":"pot_right1","parent":18,"sr":1,"ks":{"o":{"a":0,"k":100,"ix":11},"r":{"a":1,"k":[{"i":{"x":[0],"y":[0.944]},"o":{"x":[0],"y":[0]},"t":29,"s":[0]},{"i":{"x":[0.833],"y":[1]},"o":{"x":[0.172],"y":[0.511]},"t":41,"s":[25]},{"t":240,"s":[35]}],"ix":10},"p":{"a":1,"k":[{"i":{"x":0,"y":0.901},"o":{"x":0.001,"y":0},"t":29,"s":[287.284,207.347,0],"to":[0,0,0],"ti":[-20.567,-0.678,0]},{"i":{"x":0.831,"y":0.994},"o":{"x":0.173,"y":1},"t":41,"s":[374.85,199.404,0],"to":[20.567,0.678,0],"ti":[0,0,0]},{"t":240,"s":[398.632,204.37,0]}],"ix":2,"l":2},"a":{"a":0,"k":[287.284,207.347,0],"ix":1,"l":2},"s":{"a":0,"k":[100,100,100],"ix":6,"l":2}},"ao":0,"shapes":[{"ty":"gr","it":[{"ind":0,"ty":"sh","ix":1,"ks":{"a":0,"k":{"i":[[-0.112,-0.026],[-0.299,0],[-0.427,1.85],[2.152,0.497],[15.376,0],[5.379,-0.663],[0,0],[-5.713,0]],"o":[[0.303,0.07],[1.82,0],[0.497,-2.152],[-0.501,-0.116],[-7.405,0],[0,0],[4.652,-0.496],[14.417,0]],"v":[[20.474,5.262],[21.379,5.365],[25.272,2.264],[22.275,-2.533],[-5.54,-5.365],[-25.376,-4.073],[-21.465,3.539],[-5.54,2.635]],"c":true},"ix":2},"nm":"Path 1","mn":"ADBE Vector Shape - Group","hd":false},{"ty":"fl","c":{"a":0,"k":[0,0.286274522543,0.525490224361,1],"ix":4},"o":{"a":0,"k":100,"ix":5},"r":1,"bm":0,"nm":"Fill 1","mn":"ADBE Vector Graphic - Fill","hd":false},{"ty":"tr","p":{"a":0,"k":[265.806,182.079],"ix":2},"a":{"a":0,"k":[0,0],"ix":1},"s":{"a":0,"k":[100,100],"ix":3},"r":{"a":0,"k":0,"ix":6},"o":{"a":0,"k":100,"ix":7},"sk":{"a":0,"k":0,"ix":4},"sa":{"a":0,"k":0,"ix":5},"nm":"Transform"}],"nm":"Group 1","np":2,"cix":2,"bm":0,"ix":1,"mn":"ADBE Vector Group","hd":false},{"ty":"gr","it":[{"ind":0,"ty":"sh","ix":1,"ks":{"a":0,"k":{"i":[[0,0],[0,0],[0,0],[0,0],[0,0],[0,0],[0,0],[0,0],[0,0],[0,0],[0,10.767],[47.99,14.47],[0,0],[0,0],[0.41,2.74],[0,0],[9.73,0],[0,0],[0,0]],"o":[[0,0],[0,0],[0,0],[0,0],[0,0],[0,0],[0,0],[0,0],[0,0],[2.061,-10.526],[0,-60.75],[0,0],[0,0],[2.77,0],[0,0],[-1.45,-9.63],[0,0],[0,0],[0,0]],"v":[[-44.092,-70.931],[-50.949,-64.371],[-57.806,-50.657],[-42.005,-19.903],[-49.905,8.672],[-25.607,25.069],[-14.874,45.343],[10.169,55.479],[27.163,79.927],[54.652,95.687],[57.806,63.643],[-24.854,-54.287],[-24.854,-68.427],[-11.104,-68.427],[-6.624,-73.627],[-7.424,-78.937],[-26.874,-95.687],[-45.801,-95.687],[-49.458,-90.608]],"c":true},"ix":2},"nm":"Path 1","mn":"ADBE Vector Shape - Group","hd":false},{"ty":"fl","c":{"a":0,"k":[1,0.811764717102,0.117647059262,1],"ix":4},"o":{"a":0,"k":100,"ix":5},"r":1,"bm":0,"nm":"Fill 1","mn":"ADBE Vector Graphic - Fill","hd":false},{"ty":"tr","p":{"a":0,"k":[287.284,207.347],"ix":2},"a":{"a":0,"k":[0,0],"ix":1},"s":{"a":0,"k":[100,100],"ix":3},"r":{"a":0,"k":0,"ix":6},"o":{"a":0,"k":100,"ix":7},"sk":{"a":0,"k":0,"ix":4},"sa":{"a":0,"k":0,"ix":5},"nm":"Transform"}],"nm":"Group 2","np":2,"cix":2,"bm":0,"ix":2,"mn":"ADBE Vector Group","hd":false}],"ip":29,"op":2822,"st":29,"bm":0},{"ddd":0,"ind":14,"ty":4,"nm":"pot_right3","parent":18,"sr":1,"ks":{"o":{"a":0,"k":100,"ix":11},"r":{"a":1,"k":[{"i":{"x":[0.029],"y":[0.922]},"o":{"x":[0],"y":[0]},"t":29,"s":[0]},{"i":{"x":[0.833],"y":[1]},"o":{"x":[0.167],"y":[0.335]},"t":41,"s":[13]},{"t":240,"s":[20]}],"ix":10},"p":{"a":1,"k":[{"i":{"x":0.029,"y":0.984},"o":{"x":0.001,"y":0},"t":29,"s":[279.139,387.47,0],"to":[0,0,0],"ti":[-8.5,-11.44,0]},{"i":{"x":0.833,"y":1},"o":{"x":0.167,"y":0.139},"t":41,"s":[328.732,427.731,0],"to":[8.5,11.44,0],"ti":[0,0,0]},{"t":240,"s":[336.218,442.565,0]}],"ix":2,"l":2},"a":{"a":0,"k":[0,0,0],"ix":1,"l":2},"s":{"a":0,"k":[100,100,100],"ix":6,"l":2}},"ao":0,"shapes":[{"ty":"gr","it":[{"ind":0,"ty":"sh","ix":1,"ks":{"a":0,"k":{"i":[[0,0],[0,0],[0,0],[0,0],[0,0],[0,0],[0,0],[-13.57,1.546],[1.23,3.76],[0,0],[-11.663,27.194],[0,0]],"o":[[0,0],[0,0],[0,0],[0,0],[0,0],[0,0],[13.909,-0.367],[3.92,-0.44],[0,0],[22.122,-14.973],[0,0],[0,0]],"v":[[-4.046,-22.085],[-26.406,-34.308],[-33.86,-8.967],[-51.816,-6.921],[-45.189,10.71],[-49.661,25.915],[-39.697,48.874],[1.521,46.01],[6.741,37.87],[-0.159,16.75],[51.816,-48.874],[29.644,-47.724]],"c":true},"ix":2},"nm":"Path 1","mn":"ADBE Vector Shape - Group","hd":false},{"ty":"fl","c":{"a":0,"k":[1,0.811764717102,0.117647059262,1],"ix":4},"o":{"a":0,"k":100,"ix":5},"r":1,"bm":0,"nm":"Fill 1","mn":"ADBE Vector Graphic - Fill","hd":false},{"ty":"tr","p":{"a":0,"k":[0,0],"ix":2},"a":{"a":0,"k":[0,0],"ix":1},"s":{"a":0,"k":[100,100],"ix":3},"r":{"a":0,"k":0,"ix":6},"o":{"a":0,"k":100,"ix":7},"sk":{"a":0,"k":0,"ix":4},"sa":{"a":0,"k":0,"ix":5},"nm":"Transform"}],"nm":"Group 1","np":2,"cix":2,"bm":0,"ix":1,"mn":"ADBE Vector Group","hd":false}],"ip":29,"op":2822,"st":29,"bm":0},{"ddd":0,"ind":15,"ty":4,"nm":"money02","sr":1,"ks":{"o":{"a":0,"k":100,"ix":11},"r":{"a":0,"k":0,"ix":10},"p":{"s":true,"x":{"a":1,"k":[{"i":{"x":[0.029],"y":[0.979]},"o":{"x":[0.001],"y":[0]},"t":29,"s":[267.5]},{"t":41,"s":[315.5]}],"ix":3},"y":{"a":1,"k":[{"i":{"x":[0.667],"y":[1]},"o":{"x":[0.333],"y":[0]},"t":43,"s":[308.5]},{"i":{"x":[0.667],"y":[1]},"o":{"x":[0.333],"y":[0]},"t":76,"s":[330.5]},{"i":{"x":[0.667],"y":[1]},"o":{"x":[0.333],"y":[0]},"t":107,"s":[308.5]},{"i":{"x":[0.667],"y":[1]},"o":{"x":[0.333],"y":[0]},"t":141,"s":[330.5]},{"i":{"x":[0.667],"y":[1]},"o":{"x":[0.333],"y":[0]},"t":175,"s":[308.5]},{"i":{"x":[0.667],"y":[1]},"o":{"x":[0.333],"y":[0]},"t":214,"s":[330.5]},{"t":241,"s":[320.5]}],"ix":4}},"a":{"a":0,"k":[-4855.08,-2097.007,0],"ix":1,"l":2},"s":{"a":0,"k":[100,100,100],"ix":6,"l":2}},"ao":0,"shapes":[{"ty":"gr","it":[{"ind":0,"ty":"sh","ix":1,"ks":{"a":0,"k":{"i":[[2.415,0],[0,0],[0,2.415],[0,0],[-2.415,0],[0,0],[0,-2.415],[0,0]],"o":[[0,0],[-2.415,0],[0,0],[0,-2.415],[0,0],[2.415,0],[0,0],[0,2.415]],"v":[[15.158,4.766],[-15.158,4.766],[-19.53,0.394],[-19.53,-0.394],[-15.158,-4.766],[15.158,-4.766],[19.53,-0.394],[19.53,0.394]],"c":true},"ix":2},"nm":"Path 1","mn":"ADBE Vector Shape - Group","hd":false},{"ty":"fl","c":{"a":0,"k":[0.117647059262,0.517647087574,0.219607844949,1],"ix":4},"o":{"a":0,"k":100,"ix":5},"r":1,"bm":0,"nm":"Fill 1","mn":"ADBE Vector Graphic - Fill","hd":false},{"ty":"tr","p":{"a":1,"k":[{"i":{"x":0.833,"y":0.833},"o":{"x":0.167,"y":0.167},"t":19,"s":[-4834.693,-2032.506],"to":[0,0],"ti":[0,0]},{"i":{"x":0.833,"y":0.833},"o":{"x":0.167,"y":0.167},"t":24,"s":[-4838.693,-2032.506],"to":[0,0],"ti":[0,0]},{"i":{"x":0.833,"y":0.833},"o":{"x":0.167,"y":0.167},"t":29,"s":[-4838.693,-2032.506],"to":[0,0],"ti":[0,0]},{"i":{"x":0.833,"y":0.833},"o":{"x":0.167,"y":0.167},"t":34,"s":[-4834,-2032.506],"to":[0,0],"ti":[0,0]},{"i":{"x":0.833,"y":0.833},"o":{"x":0.167,"y":0.167},"t":39,"s":[-4828.693,-2032.506],"to":[0,0],"ti":[0,0]},{"i":{"x":0.833,"y":0.833},"o":{"x":0.167,"y":0.167},"t":44,"s":[-4829.693,-2032.506],"to":[0,0],"ti":[0,0]},{"i":{"x":0.833,"y":0.833},"o":{"x":0.167,"y":0.167},"t":49,"s":[-4834.693,-2032.506],"to":[0,0],"ti":[0,0]},{"i":{"x":0.833,"y":0.833},"o":{"x":0.167,"y":0.167},"t":54,"s":[-4838.693,-2032.506],"to":[0,0],"ti":[0,0]},{"i":{"x":0.833,"y":0.833},"o":{"x":0.167,"y":0.167},"t":59,"s":[-4838.693,-2032.506],"to":[0,0],"ti":[0,0]},{"i":{"x":0.833,"y":0.833},"o":{"x":0.167,"y":0.167},"t":64,"s":[-4834,-2032.506],"to":[0,0],"ti":[0,0]},{"i":{"x":0.833,"y":0.833},"o":{"x":0.167,"y":0.167},"t":69,"s":[-4828.693,-2032.506],"to":[0,0],"ti":[0,0]},{"i":{"x":0.833,"y":0.833},"o":{"x":0.167,"y":0.167},"t":74,"s":[-4829.693,-2032.506],"to":[0,0],"ti":[0,0]},{"i":{"x":0.833,"y":0.833},"o":{"x":0.167,"y":0.167},"t":79,"s":[-4834.693,-2032.506],"to":[0,0],"ti":[0,0]},{"i":{"x":0.833,"y":0.833},"o":{"x":0.167,"y":0.167},"t":84,"s":[-4838.693,-2032.506],"to":[0,0],"ti":[0,0]},{"i":{"x":0.833,"y":0.833},"o":{"x":0.167,"y":0.167},"t":89,"s":[-4838.693,-2032.506],"to":[0,0],"ti":[0,0]},{"i":{"x":0.833,"y":0.833},"o":{"x":0.167,"y":0.167},"t":94,"s":[-4834,-2032.506],"to":[0,0],"ti":[0,0]},{"i":{"x":0.833,"y":0.833},"o":{"x":0.167,"y":0.167},"t":99,"s":[-4828.693,-2032.506],"to":[0,0],"ti":[0,0]},{"i":{"x":0.833,"y":0.833},"o":{"x":0.167,"y":0.167},"t":104,"s":[-4829.693,-2032.506],"to":[0,0],"ti":[0,0]},{"i":{"x":0.833,"y":0.833},"o":{"x":0.167,"y":0.167},"t":109,"s":[-4834.693,-2032.506],"to":[0,0],"ti":[0,0]},{"i":{"x":0.833,"y":0.833},"o":{"x":0.167,"y":0.167},"t":114,"s":[-4838.693,-2032.506],"to":[0,0],"ti":[0,0]},{"i":{"x":0.833,"y":0.833},"o":{"x":0.167,"y":0.167},"t":119,"s":[-4838.693,-2032.506],"to":[0,0],"ti":[0,0]},{"i":{"x":0.833,"y":0.833},"o":{"x":0.167,"y":0.167},"t":124,"s":[-4834,-2032.506],"to":[0,0],"ti":[0,0]},{"i":{"x":0.833,"y":0.833},"o":{"x":0.167,"y":0.167},"t":129,"s":[-4828.693,-2032.506],"to":[0,0],"ti":[0,0]},{"i":{"x":0.833,"y":0.833},"o":{"x":0.167,"y":0.167},"t":134,"s":[-4829.693,-2032.506],"to":[0,0],"ti":[0,0]},{"i":{"x":0.833,"y":0.833},"o":{"x":0.167,"y":0.167},"t":139,"s":[-4834.693,-2032.506],"to":[0,0],"ti":[0,0]},{"i":{"x":0.833,"y":0.833},"o":{"x":0.167,"y":0.167},"t":144,"s":[-4838.693,-2032.506],"to":[0,0],"ti":[0,0]},{"i":{"x":0.833,"y":0.833},"o":{"x":0.167,"y":0.167},"t":149,"s":[-4838.693,-2032.506],"to":[0,0],"ti":[0,0]},{"i":{"x":0.833,"y":0.833},"o":{"x":0.167,"y":0.167},"t":154,"s":[-4834,-2032.506],"to":[0,0],"ti":[0,0]},{"i":{"x":0.833,"y":0.833},"o":{"x":0.167,"y":0.167},"t":159,"s":[-4828.693,-2032.506],"to":[0,0],"ti":[0,0]},{"i":{"x":0.833,"y":0.833},"o":{"x":0.167,"y":0.167},"t":164,"s":[-4829.693,-2032.506],"to":[0,0],"ti":[0,0]},{"i":{"x":0.833,"y":0.833},"o":{"x":0.167,"y":0.167},"t":169,"s":[-4834.693,-2032.506],"to":[0,0],"ti":[0,0]},{"i":{"x":0.833,"y":0.833},"o":{"x":0.167,"y":0.167},"t":174,"s":[-4838.693,-2032.506],"to":[0,0],"ti":[0,0]},{"i":{"x":0.833,"y":0.833},"o":{"x":0.167,"y":0.167},"t":179,"s":[-4838.693,-2032.506],"to":[0,0],"ti":[0,0]},{"i":{"x":0.833,"y":0.833},"o":{"x":0.167,"y":0.167},"t":184,"s":[-4834,-2032.506],"to":[0,0],"ti":[0,0]},{"i":{"x":0.833,"y":0.833},"o":{"x":0.167,"y":0.167},"t":189,"s":[-4828.693,-2032.506],"to":[0,0],"ti":[0,0]},{"i":{"x":0.833,"y":0.833},"o":{"x":0.167,"y":0.167},"t":194,"s":[-4829.693,-2032.506],"to":[0,0],"ti":[0,0]},{"i":{"x":0.833,"y":0.833},"o":{"x":0.167,"y":0.167},"t":199,"s":[-4834.693,-2032.506],"to":[0,0],"ti":[0,0]},{"i":{"x":0.833,"y":0.833},"o":{"x":0.167,"y":0.167},"t":204,"s":[-4838.693,-2032.506],"to":[0,0],"ti":[0,0]},{"i":{"x":0.833,"y":0.833},"o":{"x":0.167,"y":0.167},"t":209,"s":[-4838.693,-2032.506],"to":[0,0],"ti":[0,0]},{"i":{"x":0.833,"y":0.833},"o":{"x":0.167,"y":0.167},"t":215,"s":[-4834,-2032.506],"to":[0,0],"ti":[0,0]},{"i":{"x":0.667,"y":1},"o":{"x":0.167,"y":0.167},"t":222,"s":[-4828.693,-2032.506],"to":[0,0],"ti":[0,0]},{"t":240,"s":[-4834.5,-2032.506]}],"ix":2},"a":{"a":0,"k":[0,0],"ix":1},"s":{"a":0,"k":[100,100],"ix":3},"r":{"a":0,"k":0,"ix":6},"o":{"a":0,"k":100,"ix":7},"sk":{"a":0,"k":0,"ix":4},"sa":{"a":0,"k":0,"ix":5},"nm":"Transform"}],"nm":"Group 1","np":2,"cix":2,"bm":0,"ix":1,"mn":"ADBE Vector Group","hd":false},{"ty":"gr","it":[{"ind":0,"ty":"sh","ix":1,"ks":{"a":0,"k":{"i":[[2.415,0],[0,0],[0,2.415],[0,0],[-2.415,0],[0,0],[0,-2.415],[0,0]],"o":[[0,0],[-2.415,0],[0,0],[0,-2.415],[0,0],[2.415,0],[0,0],[0,2.415]],"v":[[15.158,4.766],[-15.158,4.766],[-19.53,0.394],[-19.53,-0.394],[-15.158,-4.766],[15.158,-4.766],[19.53,-0.394],[19.53,0.394]],"c":true},"ix":2},"nm":"Path 1","mn":"ADBE Vector Shape - Group","hd":false},{"ty":"fl","c":{"a":0,"k":[0.117647059262,0.517647087574,0.219607844949,1],"ix":4},"o":{"a":0,"k":100,"ix":5},"r":1,"bm":0,"nm":"Fill 1","mn":"ADBE Vector Graphic - Fill","hd":false},{"ty":"tr","p":{"a":1,"k":[{"i":{"x":0.833,"y":0.833},"o":{"x":0.167,"y":0.167},"t":19,"s":[-4877.496,-2161.509],"to":[0,0],"ti":[0,0]},{"i":{"x":0.833,"y":0.833},"o":{"x":0.167,"y":0.167},"t":24,"s":[-4873.289,-2161.509],"to":[0,0],"ti":[0,0]},{"i":{"x":0.833,"y":0.833},"o":{"x":0.167,"y":0.167},"t":29,"s":[-4870.392,-2161.509],"to":[0,0],"ti":[0,0]},{"i":{"x":0.833,"y":0.833},"o":{"x":0.167,"y":0.167},"t":34,"s":[-4873.496,-2161.509],"to":[0,0],"ti":[0,0]},{"i":{"x":0.833,"y":0.833},"o":{"x":0.167,"y":0.167},"t":39,"s":[-4878,-2161.509],"to":[0,0],"ti":[0,0]},{"i":{"x":0.833,"y":0.833},"o":{"x":0.167,"y":0.167},"t":44,"s":[-4880,-2161.509],"to":[0,0],"ti":[0,0]},{"i":{"x":0.833,"y":0.833},"o":{"x":0.167,"y":0.167},"t":49,"s":[-4877.496,-2161.509],"to":[0,0],"ti":[0,0]},{"i":{"x":0.833,"y":0.833},"o":{"x":0.167,"y":0.167},"t":54,"s":[-4873.289,-2161.509],"to":[0,0],"ti":[0,0]},{"i":{"x":0.833,"y":0.833},"o":{"x":0.167,"y":0.167},"t":59,"s":[-4870.392,-2161.509],"to":[0,0],"ti":[0,0]},{"i":{"x":0.833,"y":0.833},"o":{"x":0.167,"y":0.167},"t":64,"s":[-4873.496,-2161.509],"to":[0,0],"ti":[0,0]},{"i":{"x":0.833,"y":0.833},"o":{"x":0.167,"y":0.167},"t":69,"s":[-4878,-2161.509],"to":[0,0],"ti":[0,0]},{"i":{"x":0.833,"y":0.833},"o":{"x":0.167,"y":0.167},"t":74,"s":[-4880,-2161.509],"to":[0,0],"ti":[0,0]},{"i":{"x":0.833,"y":0.833},"o":{"x":0.167,"y":0.167},"t":79,"s":[-4877.496,-2161.509],"to":[0,0],"ti":[0,0]},{"i":{"x":0.833,"y":0.833},"o":{"x":0.167,"y":0.167},"t":84,"s":[-4873.289,-2161.509],"to":[0,0],"ti":[0,0]},{"i":{"x":0.833,"y":0.833},"o":{"x":0.167,"y":0.167},"t":89,"s":[-4870.392,-2161.509],"to":[0,0],"ti":[0,0]},{"i":{"x":0.833,"y":0.833},"o":{"x":0.167,"y":0.167},"t":94,"s":[-4873.496,-2161.509],"to":[0,0],"ti":[0,0]},{"i":{"x":0.833,"y":0.833},"o":{"x":0.167,"y":0.167},"t":99,"s":[-4878,-2161.509],"to":[0,0],"ti":[0,0]},{"i":{"x":0.833,"y":0.833},"o":{"x":0.167,"y":0.167},"t":104,"s":[-4880,-2161.509],"to":[0,0],"ti":[0,0]},{"i":{"x":0.833,"y":0.833},"o":{"x":0.167,"y":0.167},"t":109,"s":[-4877.496,-2161.509],"to":[0,0],"ti":[0,0]},{"i":{"x":0.833,"y":0.833},"o":{"x":0.167,"y":0.167},"t":114,"s":[-4873.289,-2161.509],"to":[0,0],"ti":[0,0]},{"i":{"x":0.833,"y":0.833},"o":{"x":0.167,"y":0.167},"t":119,"s":[-4870.392,-2161.509],"to":[0,0],"ti":[0,0]},{"i":{"x":0.833,"y":0.833},"o":{"x":0.167,"y":0.167},"t":124,"s":[-4873.496,-2161.509],"to":[0,0],"ti":[0,0]},{"i":{"x":0.833,"y":0.833},"o":{"x":0.167,"y":0.167},"t":129,"s":[-4878,-2161.509],"to":[0,0],"ti":[0,0]},{"i":{"x":0.833,"y":0.833},"o":{"x":0.167,"y":0.167},"t":134,"s":[-4880,-2161.509],"to":[0,0],"ti":[0,0]},{"i":{"x":0.833,"y":0.833},"o":{"x":0.167,"y":0.167},"t":139,"s":[-4877.496,-2161.509],"to":[0,0],"ti":[0,0]},{"i":{"x":0.833,"y":0.833},"o":{"x":0.167,"y":0.167},"t":144,"s":[-4873.289,-2161.509],"to":[0,0],"ti":[0,0]},{"i":{"x":0.833,"y":0.833},"o":{"x":0.167,"y":0.167},"t":149,"s":[-4870.392,-2161.509],"to":[0,0],"ti":[0,0]},{"i":{"x":0.833,"y":0.833},"o":{"x":0.167,"y":0.167},"t":154,"s":[-4873.496,-2161.509],"to":[0,0],"ti":[0,0]},{"i":{"x":0.833,"y":0.833},"o":{"x":0.167,"y":0.167},"t":159,"s":[-4878,-2161.509],"to":[0,0],"ti":[0,0]},{"i":{"x":0.833,"y":0.833},"o":{"x":0.167,"y":0.167},"t":164,"s":[-4880,-2161.509],"to":[0,0],"ti":[0,0]},{"i":{"x":0.833,"y":0.833},"o":{"x":0.167,"y":0.167},"t":169,"s":[-4877.496,-2161.509],"to":[0,0],"ti":[0,0]},{"i":{"x":0.833,"y":0.833},"o":{"x":0.167,"y":0.167},"t":174,"s":[-4873.289,-2161.509],"to":[0,0],"ti":[0,0]},{"i":{"x":0.833,"y":0.833},"o":{"x":0.167,"y":0.167},"t":179,"s":[-4870.392,-2161.509],"to":[0,0],"ti":[0,0]},{"i":{"x":0.833,"y":0.833},"o":{"x":0.167,"y":0.167},"t":184,"s":[-4873.496,-2161.509],"to":[0,0],"ti":[0,0]},{"i":{"x":0.833,"y":0.833},"o":{"x":0.167,"y":0.167},"t":189,"s":[-4878,-2161.509],"to":[0,0],"ti":[0,0]},{"i":{"x":0.833,"y":0.833},"o":{"x":0.167,"y":0.167},"t":194,"s":[-4880,-2161.509],"to":[0,0],"ti":[0,0]},{"i":{"x":0.833,"y":0.833},"o":{"x":0.167,"y":0.167},"t":199,"s":[-4877.496,-2161.509],"to":[0,0],"ti":[0,0]},{"i":{"x":0.833,"y":0.833},"o":{"x":0.167,"y":0.167},"t":204,"s":[-4873.289,-2161.509],"to":[0,0],"ti":[0,0]},{"i":{"x":0.833,"y":0.833},"o":{"x":0.167,"y":0.167},"t":209,"s":[-4870.392,-2161.509],"to":[0,0],"ti":[0,0]},{"i":{"x":0.833,"y":0.833},"o":{"x":0.167,"y":0.167},"t":215,"s":[-4873.496,-2161.509],"to":[0,0],"ti":[0,0]},{"i":{"x":0.667,"y":1},"o":{"x":0.167,"y":0.167},"t":222,"s":[-4878,-2161.509],"to":[0,0],"ti":[0,0]},{"t":240,"s":[-4877.496,-2161.509]}],"ix":2},"a":{"a":0,"k":[0,0],"ix":1},"s":{"a":0,"k":[100,100],"ix":3},"r":{"a":0,"k":0,"ix":6},"o":{"a":0,"k":100,"ix":7},"sk":{"a":0,"k":0,"ix":4},"sa":{"a":0,"k":0,"ix":5},"nm":"Transform"}],"nm":"Group 2","np":2,"cix":2,"bm":0,"ix":2,"mn":"ADBE Vector Group","hd":false},{"ty":"gr","it":[{"ind":0,"ty":"sh","ix":1,"ks":{"a":0,"k":{"i":[[0,13.969],[13.969,0],[0,-13.969],[-13.969,0]],"o":[[0,-13.969],[-13.969,0],[0,13.969],[13.969,0]],"v":[[25.293,0],[0,-25.293],[-25.293,0],[0,25.293]],"c":true},"ix":2},"nm":"Path 1","mn":"ADBE Vector Shape - Group","hd":false},{"ty":"fl","c":{"a":0,"k":[0.117647059262,0.517647087574,0.219607844949,1],"ix":4},"o":{"a":0,"k":100,"ix":5},"r":1,"bm":0,"nm":"Fill 1","mn":"ADBE Vector Graphic - Fill","hd":false},{"ty":"tr","p":{"a":1,"k":[{"i":{"x":0.667,"y":1},"o":{"x":0.333,"y":0},"t":19,"s":[-4850.08,-2097.007],"to":[0,0],"ti":[0,0]},{"i":{"x":0.667,"y":1},"o":{"x":0.333,"y":0},"t":34,"s":[-4860.08,-2097.007],"to":[0,0],"ti":[0,0]},{"i":{"x":0.667,"y":1},"o":{"x":0.333,"y":0},"t":49,"s":[-4850.08,-2097.007],"to":[0,0],"ti":[0,0]},{"i":{"x":0.667,"y":1},"o":{"x":0.333,"y":0},"t":64,"s":[-4860.08,-2097.007],"to":[0,0],"ti":[0,0]},{"i":{"x":0.667,"y":1},"o":{"x":0.333,"y":0},"t":79,"s":[-4850.08,-2097.007],"to":[0,0],"ti":[0,0]},{"i":{"x":0.667,"y":1},"o":{"x":0.333,"y":0},"t":94,"s":[-4860.08,-2097.007],"to":[0,0],"ti":[0,0]},{"i":{"x":0.667,"y":1},"o":{"x":0.333,"y":0},"t":109,"s":[-4850.08,-2097.007],"to":[0,0],"ti":[0,0]},{"i":{"x":0.667,"y":1},"o":{"x":0.333,"y":0},"t":124,"s":[-4860.08,-2097.007],"to":[0,0],"ti":[0,0]},{"i":{"x":0.667,"y":1},"o":{"x":0.333,"y":0},"t":139,"s":[-4850.08,-2097.007],"to":[0,0],"ti":[0,0]},{"i":{"x":0.667,"y":1},"o":{"x":0.333,"y":0},"t":154,"s":[-4860.08,-2097.007],"to":[0,0],"ti":[0,0]},{"i":{"x":0.667,"y":1},"o":{"x":0.333,"y":0},"t":169,"s":[-4850.08,-2097.007],"to":[0,0],"ti":[0,0]},{"i":{"x":0.667,"y":1},"o":{"x":0.333,"y":0},"t":184,"s":[-4860.08,-2097.007],"to":[0,0],"ti":[0,0]},{"i":{"x":0.667,"y":1},"o":{"x":0.333,"y":0},"t":199,"s":[-4850.08,-2097.007],"to":[0,0],"ti":[0,0]},{"i":{"x":0.667,"y":1},"o":{"x":0.333,"y":0},"t":215,"s":[-4860.08,-2097.007],"to":[0,0],"ti":[0,0]},{"t":240,"s":[-4850.08,-2097.007]}],"ix":2},"a":{"a":0,"k":[0,0],"ix":1},"s":{"a":0,"k":[100,100],"ix":3},"r":{"a":0,"k":0,"ix":6},"o":{"a":0,"k":100,"ix":7},"sk":{"a":0,"k":0,"ix":4},"sa":{"a":0,"k":0,"ix":5},"nm":"Transform"}],"nm":"Group 3","np":2,"cix":2,"bm":0,"ix":3,"mn":"ADBE Vector Group","hd":false},{"ty":"gr","it":[{"ind":0,"ty":"sh","ix":1,"ks":{"a":1,"k":[{"i":{"x":0.833,"y":0.833},"o":{"x":0.167,"y":0.167},"t":19,"s":[{"i":[[4.091,-10.24],[10.63,0.135],[2.803,43.928],[0.516,12.398],[-9.409,-0.135],[-1.773,-50.07]],"o":[[-6.659,0.01],[1.255,-9.49],[-2.983,-46.75],[8.38,0.115],[3.716,9.24],[1.771,50.014]],"v":[[45.784,78.74],[-53.755,78.74],[-45.017,-1.75],[-53.755,-78.74],[45.784,-78.74],[54.523,0.57]],"c":true}]},{"i":{"x":0.833,"y":0.833},"o":{"x":0.167,"y":0.167},"t":24,"s":[{"i":[[-0.784,-14.615],[10.63,0.135],[-4.733,43.746],[1.287,12.24],[-9.409,-0.135],[5.727,-47.82]],"o":[[-6.659,0.01],[-0.12,-14.865],[5.267,-44.879],[8.38,0.115],[2.622,14.24],[-5.565,46.463]],"v":[[45.784,78.74],[-53.755,78.74],[-48.017,-1.746],[-49.599,-78.74],[50.565,-78.74],[52.773,4.82]],"c":true}]},{"i":{"x":0.833,"y":0.833},"o":{"x":0.167,"y":0.167},"t":29,"s":[{"i":[[-0.284,-10.99],[10.63,0.135],[-7.054,43.448],[0.516,12.398],[-9.409,-0.135],[6.978,-43.154]],"o":[[-6.659,0.01],[-1.495,-12.74],[7.267,-44.757],[8.38,0.115],[1.529,19.24],[-7.023,43.43]],"v":[[45.784,78.74],[-53.755,78.74],[-51.017,-1.743],[-45.443,-78.74],[54.096,-78.74],[47.523,8.82]],"c":true}]},{"i":{"x":0.833,"y":0.833},"o":{"x":0.167,"y":0.167},"t":34,"s":[{"i":[[-0.034,-11.86],[10.63,0.135],[-1.079,43.596],[-0.146,11.686],[-9.409,-0.135],[-0.272,-43.112]],"o":[[-6.659,0.01],[-1.495,-12.74],[1.142,-44.64],[8.38,0.115],[-0.159,18.982],[0.273,43.384]],"v":[[52.409,78.735],[-49.38,78.739],[-54.298,-1.735],[-46.505,-78.732],[53.034,-78.732],[45.273,8.82]],"c":true}]},{"i":{"x":0.833,"y":0.833},"o":{"x":0.167,"y":0.167},"t":39,"s":[{"i":[[4.091,-10.24],[10.63,0.135],[4.896,43.744],[-0.807,10.973],[-9.409,-0.135],[-7.523,-43.07]],"o":[[-6.659,0.01],[-1.495,-12.74],[-4.983,-44.522],[8.38,0.115],[-1.846,18.723],[7.569,43.338]],"v":[[54.534,78.738],[-45.005,78.738],[-53.517,-1.728],[-50.693,-78.723],[48.846,-78.723],[47.523,8.82]],"c":true}]},{"i":{"x":0.833,"y":0.833},"o":{"x":0.167,"y":0.167},"t":44,"s":[{"i":[[1.716,-11.86],[10.63,0.135],[5.971,43.597],[-0.146,11.686],[-9.409,-0.135],[-6.773,-46.023]],"o":[[-6.659,0.01],[-0.12,-11.115],[-6.233,-45.511],[8.38,0.115],[-0.128,14.732],[5.791,39.353]],"v":[[53.784,78.735],[-46.005,78.735],[-49.267,-1.739],[-54.412,-78.732],[45.128,-78.732],[52.898,4.648]],"c":true}]},{"i":{"x":0.833,"y":0.833},"o":{"x":0.167,"y":0.167},"t":49,"s":[{"i":[[4.091,-10.24],[10.63,0.135],[2.803,43.927],[0.516,12.398],[-9.409,-0.135],[-1.773,-50.07]],"o":[[-6.659,0.01],[1.255,-9.49],[-2.983,-46.75],[8.38,0.115],[3.716,9.24],[1.771,50.014]],"v":[[45.784,78.74],[-53.755,78.74],[-45.017,-1.75],[-53.755,-78.74],[45.784,-78.74],[54.523,0.57]],"c":true}]},{"i":{"x":0.833,"y":0.833},"o":{"x":0.167,"y":0.167},"t":54,"s":[{"i":[[-0.784,-14.615],[10.63,0.135],[-4.733,43.746],[1.287,12.24],[-9.409,-0.135],[5.728,-47.82]],"o":[[-6.659,0.01],[-0.12,-14.865],[5.267,-44.879],[8.38,0.115],[2.622,14.24],[-5.564,46.464]],"v":[[45.784,78.74],[-53.755,78.74],[-48.017,-1.746],[-49.599,-78.74],[50.565,-78.74],[52.772,4.82]],"c":true}]},{"i":{"x":0.833,"y":0.833},"o":{"x":0.167,"y":0.167},"t":59,"s":[{"i":[[-0.284,-10.99],[10.63,0.135],[-7.054,43.448],[0.516,12.398],[-9.409,-0.135],[6.978,-43.154]],"o":[[-6.659,0.01],[-1.495,-12.74],[7.267,-44.757],[8.38,0.115],[1.528,19.24],[-7.022,43.43]],"v":[[45.784,78.74],[-53.755,78.74],[-51.017,-1.743],[-45.443,-78.74],[54.097,-78.74],[47.522,8.82]],"c":true}]},{"i":{"x":0.833,"y":0.833},"o":{"x":0.167,"y":0.167},"t":64,"s":[{"i":[[-0.034,-11.86],[10.63,0.135],[-1.079,43.596],[-0.146,11.686],[-9.409,-0.135],[-0.272,-43.112]],"o":[[-6.659,0.01],[-1.495,-12.74],[1.142,-44.64],[8.38,0.115],[-0.159,18.982],[0.273,43.384]],"v":[[52.409,78.735],[-49.38,78.739],[-54.298,-1.735],[-46.505,-78.732],[53.034,-78.732],[45.273,8.82]],"c":true}]},{"i":{"x":0.833,"y":0.833},"o":{"x":0.167,"y":0.167},"t":69,"s":[{"i":[[4.091,-10.24],[10.63,0.135],[4.896,43.744],[-0.807,10.973],[-9.409,-0.135],[-7.522,-43.07]],"o":[[-6.659,0.01],[-1.495,-12.74],[-4.983,-44.522],[8.38,0.115],[-1.847,18.723],[7.569,43.338]],"v":[[54.534,78.738],[-45.005,78.738],[-53.517,-1.728],[-50.693,-78.723],[48.847,-78.723],[47.522,8.82]],"c":true}]},{"i":{"x":0.833,"y":0.833},"o":{"x":0.167,"y":0.167},"t":74,"s":[{"i":[[1.716,-11.86],[10.63,0.135],[5.971,43.597],[-0.146,11.686],[-9.409,-0.135],[-6.773,-46.023]],"o":[[-6.659,0.01],[-0.12,-11.115],[-6.233,-45.511],[8.38,0.115],[-0.128,14.732],[5.791,39.353]],"v":[[53.784,78.735],[-46.005,78.735],[-49.267,-1.739],[-54.412,-78.732],[45.128,-78.732],[52.898,4.648]],"c":true}]},{"i":{"x":0.833,"y":0.833},"o":{"x":0.167,"y":0.167},"t":79,"s":[{"i":[[4.091,-10.24],[10.63,0.135],[2.803,43.927],[0.516,12.398],[-9.409,-0.135],[-1.773,-50.07]],"o":[[-6.659,0.01],[1.255,-9.49],[-2.983,-46.75],[8.38,0.115],[3.716,9.24],[1.771,50.014]],"v":[[45.784,78.74],[-53.755,78.74],[-45.017,-1.75],[-53.755,-78.74],[45.784,-78.74],[54.523,0.57]],"c":true}]},{"i":{"x":0.833,"y":0.833},"o":{"x":0.167,"y":0.167},"t":84,"s":[{"i":[[-0.784,-14.615],[10.63,0.135],[-4.733,43.746],[1.287,12.24],[-9.409,-0.135],[5.728,-47.82]],"o":[[-6.659,0.01],[-0.12,-14.865],[5.267,-44.879],[8.38,0.115],[2.622,14.24],[-5.564,46.464]],"v":[[45.784,78.74],[-53.755,78.74],[-48.017,-1.746],[-49.599,-78.74],[50.565,-78.74],[52.772,4.82]],"c":true}]},{"i":{"x":0.833,"y":0.833},"o":{"x":0.167,"y":0.167},"t":89,"s":[{"i":[[-0.284,-10.99],[10.63,0.135],[-7.054,43.448],[0.516,12.398],[-9.409,-0.135],[6.978,-43.154]],"o":[[-6.659,0.01],[-1.495,-12.74],[7.267,-44.757],[8.38,0.115],[1.528,19.24],[-7.022,43.43]],"v":[[45.784,78.74],[-53.755,78.74],[-51.017,-1.743],[-45.443,-78.74],[54.097,-78.74],[47.522,8.82]],"c":true}]},{"i":{"x":0.833,"y":0.833},"o":{"x":0.167,"y":0.167},"t":94,"s":[{"i":[[-0.034,-11.86],[10.63,0.135],[-1.079,43.596],[-0.146,11.686],[-9.409,-0.135],[-0.272,-43.112]],"o":[[-6.659,0.01],[-1.495,-12.74],[1.142,-44.64],[8.38,0.115],[-0.159,18.982],[0.273,43.384]],"v":[[52.409,78.735],[-49.38,78.739],[-54.298,-1.735],[-46.505,-78.732],[53.034,-78.732],[45.273,8.82]],"c":true}]},{"i":{"x":0.833,"y":0.833},"o":{"x":0.167,"y":0.167},"t":99,"s":[{"i":[[4.091,-10.24],[10.63,0.135],[4.896,43.744],[-0.807,10.973],[-9.409,-0.135],[-7.522,-43.07]],"o":[[-6.659,0.01],[-1.495,-12.74],[-4.983,-44.522],[8.38,0.115],[-1.847,18.723],[7.569,43.338]],"v":[[54.534,78.738],[-45.005,78.738],[-53.517,-1.728],[-50.693,-78.723],[48.847,-78.723],[47.522,8.82]],"c":true}]},{"i":{"x":0.833,"y":0.833},"o":{"x":0.167,"y":0.167},"t":104,"s":[{"i":[[1.716,-11.86],[10.63,0.135],[5.971,43.597],[-0.146,11.686],[-9.409,-0.135],[-6.773,-46.023]],"o":[[-6.659,0.01],[-0.12,-11.115],[-6.233,-45.511],[8.38,0.115],[-0.128,14.732],[5.791,39.353]],"v":[[53.784,78.735],[-46.005,78.735],[-49.267,-1.739],[-54.412,-78.732],[45.128,-78.732],[52.898,4.648]],"c":true}]},{"i":{"x":0.833,"y":0.833},"o":{"x":0.167,"y":0.167},"t":109,"s":[{"i":[[4.091,-10.24],[10.63,0.135],[2.803,43.927],[0.516,12.398],[-9.409,-0.135],[-1.773,-50.07]],"o":[[-6.659,0.01],[1.255,-9.49],[-2.983,-46.75],[8.38,0.115],[3.716,9.24],[1.771,50.014]],"v":[[45.784,78.74],[-53.755,78.74],[-45.017,-1.75],[-53.755,-78.74],[45.784,-78.74],[54.523,0.57]],"c":true}]},{"i":{"x":0.833,"y":0.833},"o":{"x":0.167,"y":0.167},"t":114,"s":[{"i":[[-0.784,-14.615],[10.63,0.135],[-4.733,43.746],[1.287,12.24],[-9.409,-0.135],[5.728,-47.82]],"o":[[-6.659,0.01],[-0.12,-14.865],[5.267,-44.879],[8.38,0.115],[2.622,14.24],[-5.564,46.464]],"v":[[45.784,78.74],[-53.755,78.74],[-48.017,-1.746],[-49.599,-78.74],[50.565,-78.74],[52.772,4.82]],"c":true}]},{"i":{"x":0.833,"y":0.833},"o":{"x":0.167,"y":0.167},"t":119,"s":[{"i":[[-0.284,-10.99],[10.63,0.135],[-7.054,43.448],[0.516,12.398],[-9.409,-0.135],[6.978,-43.154]],"o":[[-6.659,0.01],[-1.495,-12.74],[7.267,-44.757],[8.38,0.115],[1.528,19.24],[-7.022,43.43]],"v":[[45.784,78.74],[-53.755,78.74],[-51.017,-1.743],[-45.443,-78.74],[54.097,-78.74],[47.522,8.82]],"c":true}]},{"i":{"x":0.833,"y":0.833},"o":{"x":0.167,"y":0.167},"t":124,"s":[{"i":[[-0.034,-11.86],[10.63,0.135],[-1.079,43.596],[-0.146,11.686],[-9.409,-0.135],[-0.272,-43.112]],"o":[[-6.659,0.01],[-1.495,-12.74],[1.142,-44.64],[8.38,0.115],[-0.159,18.982],[0.273,43.384]],"v":[[52.409,78.735],[-49.38,78.739],[-54.298,-1.735],[-46.505,-78.732],[53.034,-78.732],[45.273,8.82]],"c":true}]},{"i":{"x":0.833,"y":0.833},"o":{"x":0.167,"y":0.167},"t":129,"s":[{"i":[[4.091,-10.24],[10.63,0.135],[4.896,43.744],[-0.807,10.973],[-9.409,-0.135],[-7.522,-43.07]],"o":[[-6.659,0.01],[-1.495,-12.74],[-4.983,-44.522],[8.38,0.115],[-1.847,18.723],[7.569,43.338]],"v":[[54.534,78.738],[-45.005,78.738],[-53.517,-1.728],[-50.693,-78.723],[48.847,-78.723],[47.522,8.82]],"c":true}]},{"i":{"x":0.833,"y":0.833},"o":{"x":0.167,"y":0.167},"t":134,"s":[{"i":[[1.716,-11.86],[10.63,0.135],[5.971,43.597],[-0.146,11.686],[-9.409,-0.135],[-6.773,-46.023]],"o":[[-6.659,0.01],[-0.12,-11.115],[-6.233,-45.511],[8.38,0.115],[-0.128,14.732],[5.791,39.353]],"v":[[53.784,78.735],[-46.005,78.735],[-49.267,-1.739],[-54.412,-78.732],[45.128,-78.732],[52.898,4.648]],"c":true}]},{"i":{"x":0.833,"y":0.833},"o":{"x":0.167,"y":0.167},"t":139,"s":[{"i":[[4.091,-10.24],[10.63,0.135],[2.803,43.927],[0.516,12.398],[-9.409,-0.135],[-1.773,-50.07]],"o":[[-6.659,0.01],[1.255,-9.49],[-2.983,-46.75],[8.38,0.115],[3.716,9.24],[1.771,50.014]],"v":[[45.784,78.74],[-53.755,78.74],[-45.017,-1.75],[-53.755,-78.74],[45.784,-78.74],[54.523,0.57]],"c":true}]},{"i":{"x":0.833,"y":0.833},"o":{"x":0.167,"y":0.167},"t":144,"s":[{"i":[[-0.784,-14.615],[10.63,0.135],[-4.733,43.746],[1.287,12.24],[-9.409,-0.135],[5.728,-47.82]],"o":[[-6.659,0.01],[-0.12,-14.865],[5.267,-44.879],[8.38,0.115],[2.622,14.24],[-5.564,46.464]],"v":[[45.784,78.74],[-53.755,78.74],[-48.017,-1.746],[-49.599,-78.74],[50.565,-78.74],[52.772,4.82]],"c":true}]},{"i":{"x":0.833,"y":0.833},"o":{"x":0.167,"y":0.167},"t":149,"s":[{"i":[[-0.284,-10.99],[10.63,0.135],[-7.054,43.448],[0.516,12.398],[-9.409,-0.135],[6.978,-43.154]],"o":[[-6.659,0.01],[-1.495,-12.74],[7.267,-44.757],[8.38,0.115],[1.528,19.24],[-7.022,43.43]],"v":[[45.784,78.74],[-53.755,78.74],[-51.017,-1.743],[-45.443,-78.74],[54.097,-78.74],[47.522,8.82]],"c":true}]},{"i":{"x":0.833,"y":0.833},"o":{"x":0.167,"y":0.167},"t":154,"s":[{"i":[[-0.034,-11.86],[10.63,0.135],[-1.079,43.596],[-0.146,11.686],[-9.409,-0.135],[-0.272,-43.112]],"o":[[-6.659,0.01],[-1.495,-12.74],[1.142,-44.64],[8.38,0.115],[-0.159,18.982],[0.273,43.384]],"v":[[52.409,78.735],[-49.38,78.739],[-54.298,-1.735],[-46.505,-78.732],[53.034,-78.732],[45.273,8.82]],"c":true}]},{"i":{"x":0.833,"y":0.833},"o":{"x":0.167,"y":0.167},"t":159,"s":[{"i":[[4.091,-10.24],[10.63,0.135],[4.896,43.744],[-0.807,10.973],[-9.409,-0.135],[-7.522,-43.07]],"o":[[-6.659,0.01],[-1.495,-12.74],[-4.983,-44.522],[8.38,0.115],[-1.847,18.723],[7.569,43.338]],"v":[[54.534,78.738],[-45.005,78.738],[-53.517,-1.728],[-50.693,-78.723],[48.847,-78.723],[47.522,8.82]],"c":true}]},{"i":{"x":0.833,"y":0.833},"o":{"x":0.167,"y":0.167},"t":164,"s":[{"i":[[1.716,-11.86],[10.63,0.135],[5.971,43.597],[-0.146,11.686],[-9.409,-0.135],[-6.773,-46.023]],"o":[[-6.659,0.01],[-0.12,-11.115],[-6.233,-45.511],[8.38,0.115],[-0.128,14.732],[5.791,39.353]],"v":[[53.784,78.735],[-46.005,78.735],[-49.267,-1.739],[-54.412,-78.732],[45.128,-78.732],[52.898,4.648]],"c":true}]},{"i":{"x":0.833,"y":0.833},"o":{"x":0.167,"y":0.167},"t":169,"s":[{"i":[[4.091,-10.24],[10.63,0.135],[2.803,43.927],[0.516,12.398],[-9.409,-0.135],[-1.773,-50.07]],"o":[[-6.659,0.01],[1.255,-9.49],[-2.983,-46.75],[8.38,0.115],[3.716,9.24],[1.771,50.014]],"v":[[45.784,78.74],[-53.755,78.74],[-45.017,-1.75],[-53.755,-78.74],[45.784,-78.74],[54.523,0.57]],"c":true}]},{"i":{"x":0.833,"y":0.833},"o":{"x":0.167,"y":0.167},"t":174,"s":[{"i":[[-0.784,-14.615],[10.63,0.135],[-4.733,43.746],[1.287,12.24],[-9.409,-0.135],[5.728,-47.82]],"o":[[-6.659,0.01],[-0.12,-14.865],[5.267,-44.879],[8.38,0.115],[2.622,14.24],[-5.564,46.464]],"v":[[45.784,78.74],[-53.755,78.74],[-48.017,-1.746],[-49.599,-78.74],[50.565,-78.74],[52.772,4.82]],"c":true}]},{"i":{"x":0.833,"y":0.833},"o":{"x":0.167,"y":0.167},"t":179,"s":[{"i":[[-0.284,-10.99],[10.63,0.135],[-7.054,43.448],[0.516,12.398],[-9.409,-0.135],[6.978,-43.154]],"o":[[-6.659,0.01],[-1.495,-12.74],[7.267,-44.757],[8.38,0.115],[1.528,19.24],[-7.022,43.43]],"v":[[45.784,78.74],[-53.755,78.74],[-51.017,-1.743],[-45.443,-78.74],[54.097,-78.74],[47.522,8.82]],"c":true}]},{"i":{"x":0.833,"y":0.833},"o":{"x":0.167,"y":0.167},"t":184,"s":[{"i":[[-0.034,-11.86],[10.63,0.135],[-1.079,43.596],[-0.146,11.686],[-9.409,-0.135],[-0.272,-43.112]],"o":[[-6.659,0.01],[-1.495,-12.74],[1.142,-44.64],[8.38,0.115],[-0.159,18.982],[0.273,43.384]],"v":[[52.409,78.735],[-49.38,78.739],[-54.298,-1.735],[-46.505,-78.732],[53.034,-78.732],[45.273,8.82]],"c":true}]},{"i":{"x":0.833,"y":0.833},"o":{"x":0.167,"y":0.167},"t":189,"s":[{"i":[[4.091,-10.24],[10.63,0.135],[4.896,43.744],[-0.807,10.973],[-9.409,-0.135],[-7.522,-43.07]],"o":[[-6.659,0.01],[-1.495,-12.74],[-4.983,-44.522],[8.38,0.115],[-1.847,18.723],[7.569,43.338]],"v":[[54.534,78.738],[-45.005,78.738],[-53.517,-1.728],[-50.693,-78.723],[48.847,-78.723],[47.522,8.82]],"c":true}]},{"i":{"x":0.833,"y":0.833},"o":{"x":0.167,"y":0.167},"t":194,"s":[{"i":[[1.716,-11.86],[10.63,0.135],[5.971,43.597],[-0.146,11.686],[-9.409,-0.135],[-6.773,-46.023]],"o":[[-6.659,0.01],[-0.12,-11.115],[-6.233,-45.511],[8.38,0.115],[-0.128,14.732],[5.791,39.353]],"v":[[53.784,78.735],[-46.005,78.735],[-49.267,-1.739],[-54.412,-78.732],[45.128,-78.732],[52.898,4.648]],"c":true}]},{"i":{"x":0.833,"y":0.833},"o":{"x":0.167,"y":0.167},"t":199,"s":[{"i":[[4.091,-10.24],[10.63,0.135],[2.803,43.927],[0.516,12.398],[-9.409,-0.135],[-1.773,-50.07]],"o":[[-6.659,0.01],[1.255,-9.49],[-2.983,-46.75],[8.38,0.115],[3.716,9.24],[1.771,50.014]],"v":[[45.784,78.74],[-53.755,78.74],[-45.017,-1.75],[-53.755,-78.74],[45.784,-78.74],[54.523,0.57]],"c":true}]},{"i":{"x":0.833,"y":0.833},"o":{"x":0.167,"y":0.167},"t":204,"s":[{"i":[[-0.784,-14.615],[10.63,0.135],[-4.733,43.746],[1.287,12.24],[-9.409,-0.135],[5.728,-47.82]],"o":[[-6.659,0.01],[-0.12,-14.865],[5.267,-44.879],[8.38,0.115],[2.622,14.24],[-5.564,46.464]],"v":[[45.784,78.74],[-53.755,78.74],[-48.017,-1.746],[-49.599,-78.74],[50.565,-78.74],[52.772,4.82]],"c":true}]},{"i":{"x":0.833,"y":0.833},"o":{"x":0.167,"y":0.167},"t":209,"s":[{"i":[[-0.284,-10.99],[10.63,0.135],[-7.054,43.448],[0.516,12.398],[-9.409,-0.135],[6.978,-43.154]],"o":[[-6.659,0.01],[-1.495,-12.74],[7.267,-44.757],[8.38,0.115],[1.528,19.24],[-7.022,43.43]],"v":[[45.784,78.74],[-53.755,78.74],[-51.017,-1.743],[-45.443,-78.74],[54.097,-78.74],[47.522,8.82]],"c":true}]},{"i":{"x":0.833,"y":0.833},"o":{"x":0.167,"y":0.167},"t":215,"s":[{"i":[[-0.034,-11.86],[10.63,0.135],[-1.079,43.596],[-0.146,11.686],[-9.409,-0.135],[-0.272,-43.112]],"o":[[-6.659,0.01],[-1.495,-12.74],[1.142,-44.64],[8.38,0.115],[-0.159,18.982],[0.273,43.384]],"v":[[52.409,78.735],[-49.38,78.739],[-54.298,-1.735],[-46.505,-78.732],[53.034,-78.732],[45.273,8.82]],"c":true}]},{"i":{"x":0.667,"y":1},"o":{"x":0.167,"y":0.167},"t":222,"s":[{"i":[[4.091,-10.24],[10.63,0.135],[4.896,43.744],[-0.807,10.973],[-9.409,-0.135],[-7.522,-43.07]],"o":[[-6.659,0.01],[-1.495,-12.74],[-4.983,-44.522],[8.38,0.115],[-1.847,18.723],[7.569,43.338]],"v":[[54.534,78.738],[-45.005,78.738],[-53.517,-1.728],[-50.693,-78.723],[48.847,-78.723],[47.522,8.82]],"c":true}]},{"t":240,"s":[{"i":[[4.091,-10.24],[10.63,0.135],[2.803,43.927],[0.516,12.398],[-9.409,-0.135],[-1.773,-50.07]],"o":[[-6.659,0.01],[1.255,-9.49],[-2.983,-46.75],[8.38,0.115],[3.716,9.24],[1.771,50.014]],"v":[[45.784,78.74],[-53.755,78.74],[-45.017,-1.75],[-53.755,-78.74],[45.784,-78.74],[54.523,0.57]],"c":true}]}],"ix":2},"nm":"Path 1","mn":"ADBE Vector Shape - Group","hd":false},{"ty":"fl","c":{"a":0,"k":[0.219607844949,0.631372570992,0.345098048449,1],"ix":4},"o":{"a":0,"k":100,"ix":5},"r":1,"bm":0,"nm":"Fill 1","mn":"ADBE Vector Graphic - Fill","hd":false},{"ty":"tr","p":{"a":0,"k":[-4855.08,-2097.007],"ix":2},"a":{"a":0,"k":[0,0],"ix":1},"s":{"a":0,"k":[100,100],"ix":3},"r":{"a":0,"k":0,"ix":6},"o":{"a":0,"k":100,"ix":7},"sk":{"a":0,"k":0,"ix":4},"sa":{"a":0,"k":0,"ix":5},"nm":"Transform"}],"nm":"Group 4","np":2,"cix":2,"bm":0,"ix":4,"mn":"ADBE Vector Group","hd":false}],"ip":29,"op":1819,"st":19,"bm":0},{"ddd":0,"ind":16,"ty":4,"nm":"money01","sr":1,"ks":{"o":{"a":0,"k":100,"ix":11},"r":{"a":0,"k":0,"ix":10},"p":{"s":true,"x":{"a":1,"k":[{"i":{"x":[0.029],"y":[1.023]},"o":{"x":[0.001],"y":[0]},"t":30,"s":[230]},{"t":42,"s":[186]}],"ix":3},"y":{"a":1,"k":[{"i":{"x":[0.667],"y":[1]},"o":{"x":[0.333],"y":[0]},"t":29,"s":[256]},{"i":{"x":[0.667],"y":[1]},"o":{"x":[0.333],"y":[0]},"t":61,"s":[293]},{"i":{"x":[0.667],"y":[1]},"o":{"x":[0.333],"y":[0]},"t":92,"s":[256]},{"i":{"x":[0.667],"y":[1]},"o":{"x":[0.333],"y":[0]},"t":124,"s":[293]},{"i":{"x":[0.667],"y":[1]},"o":{"x":[0.333],"y":[0]},"t":165,"s":[256]},{"i":{"x":[0.667],"y":[1]},"o":{"x":[0.333],"y":[0]},"t":204,"s":[293]},{"t":240,"s":[281]}],"ix":4}},"a":{"a":0,"k":[-4855.08,-2097.007,0],"ix":1,"l":2},"s":{"a":0,"k":[100,100,100],"ix":6,"l":2}},"ao":0,"shapes":[{"ty":"gr","it":[{"ind":0,"ty":"sh","ix":1,"ks":{"a":0,"k":{"i":[[2.415,0],[0,0],[0,2.415],[0,0],[-2.415,0],[0,0],[0,-2.415],[0,0]],"o":[[0,0],[-2.415,0],[0,0],[0,-2.415],[0,0],[2.415,0],[0,0],[0,2.415]],"v":[[15.158,4.766],[-15.158,4.766],[-19.53,0.394],[-19.53,-0.394],[-15.158,-4.766],[15.158,-4.766],[19.53,-0.394],[19.53,0.394]],"c":true},"ix":2},"nm":"Path 1","mn":"ADBE Vector Shape - Group","hd":false},{"ty":"fl","c":{"a":0,"k":[0.117647059262,0.517647087574,0.219607844949,1],"ix":4},"o":{"a":0,"k":100,"ix":5},"r":1,"bm":0,"nm":"Fill 1","mn":"ADBE Vector Graphic - Fill","hd":false},{"ty":"tr","p":{"a":1,"k":[{"i":{"x":0.833,"y":0.833},"o":{"x":0.167,"y":0.167},"t":30,"s":[-4834.693,-2032.506],"to":[0,0],"ti":[0,0]},{"i":{"x":0.833,"y":0.833},"o":{"x":0.167,"y":0.167},"t":35,"s":[-4838.693,-2032.506],"to":[0,0],"ti":[0,0]},{"i":{"x":0.833,"y":0.833},"o":{"x":0.167,"y":0.167},"t":40,"s":[-4838.693,-2032.506],"to":[0,0],"ti":[0,0]},{"i":{"x":0.833,"y":0.833},"o":{"x":0.167,"y":0.167},"t":45,"s":[-4834,-2032.506],"to":[0,0],"ti":[0,0]},{"i":{"x":0.833,"y":0.833},"o":{"x":0.167,"y":0.167},"t":50,"s":[-4828.693,-2032.506],"to":[0,0],"ti":[0,0]},{"i":{"x":0.833,"y":0.833},"o":{"x":0.167,"y":0.167},"t":55,"s":[-4829.693,-2032.506],"to":[0,0],"ti":[0,0]},{"i":{"x":0.833,"y":0.833},"o":{"x":0.167,"y":0.167},"t":60,"s":[-4834.693,-2032.506],"to":[0,0],"ti":[0,0]},{"i":{"x":0.833,"y":0.833},"o":{"x":0.167,"y":0.167},"t":65,"s":[-4838.693,-2032.506],"to":[0,0],"ti":[0,0]},{"i":{"x":0.833,"y":0.833},"o":{"x":0.167,"y":0.167},"t":70,"s":[-4838.693,-2032.506],"to":[0,0],"ti":[0,0]},{"i":{"x":0.833,"y":0.833},"o":{"x":0.167,"y":0.167},"t":75,"s":[-4834,-2032.506],"to":[0,0],"ti":[0,0]},{"i":{"x":0.833,"y":0.833},"o":{"x":0.167,"y":0.167},"t":80,"s":[-4828.693,-2032.506],"to":[0,0],"ti":[0,0]},{"i":{"x":0.833,"y":0.833},"o":{"x":0.167,"y":0.167},"t":85,"s":[-4829.693,-2032.506],"to":[0,0],"ti":[0,0]},{"i":{"x":0.833,"y":0.833},"o":{"x":0.167,"y":0.167},"t":90,"s":[-4834.693,-2032.506],"to":[0,0],"ti":[0,0]},{"i":{"x":0.833,"y":0.833},"o":{"x":0.167,"y":0.167},"t":95,"s":[-4838.693,-2032.506],"to":[0,0],"ti":[0,0]},{"i":{"x":0.833,"y":0.833},"o":{"x":0.167,"y":0.167},"t":100,"s":[-4838.693,-2032.506],"to":[0,0],"ti":[0,0]},{"i":{"x":0.833,"y":0.833},"o":{"x":0.167,"y":0.167},"t":105,"s":[-4834,-2032.506],"to":[0,0],"ti":[0,0]},{"i":{"x":0.833,"y":0.833},"o":{"x":0.167,"y":0.167},"t":110,"s":[-4828.693,-2032.506],"to":[0,0],"ti":[0,0]},{"i":{"x":0.833,"y":0.833},"o":{"x":0.167,"y":0.167},"t":115,"s":[-4829.693,-2032.506],"to":[0,0],"ti":[0,0]},{"i":{"x":0.833,"y":0.833},"o":{"x":0.167,"y":0.167},"t":120,"s":[-4834.693,-2032.506],"to":[0,0],"ti":[0,0]},{"i":{"x":0.833,"y":0.833},"o":{"x":0.167,"y":0.167},"t":125,"s":[-4838.693,-2032.506],"to":[0,0],"ti":[0,0]},{"i":{"x":0.833,"y":0.833},"o":{"x":0.167,"y":0.167},"t":130,"s":[-4838.693,-2032.506],"to":[0,0],"ti":[0,0]},{"i":{"x":0.833,"y":0.833},"o":{"x":0.167,"y":0.167},"t":135,"s":[-4834,-2032.506],"to":[0,0],"ti":[0,0]},{"i":{"x":0.833,"y":0.833},"o":{"x":0.167,"y":0.167},"t":140,"s":[-4828.693,-2032.506],"to":[0,0],"ti":[0,0]},{"i":{"x":0.833,"y":0.833},"o":{"x":0.167,"y":0.167},"t":145,"s":[-4829.693,-2032.506],"to":[0,0],"ti":[0,0]},{"i":{"x":0.833,"y":0.833},"o":{"x":0.167,"y":0.167},"t":150,"s":[-4834.693,-2032.506],"to":[0,0],"ti":[0,0]},{"i":{"x":0.833,"y":0.833},"o":{"x":0.167,"y":0.167},"t":155,"s":[-4838.693,-2032.506],"to":[0,0],"ti":[0,0]},{"i":{"x":0.833,"y":0.833},"o":{"x":0.167,"y":0.167},"t":160,"s":[-4838.693,-2032.506],"to":[0,0],"ti":[0,0]},{"i":{"x":0.833,"y":0.833},"o":{"x":0.167,"y":0.167},"t":165,"s":[-4834,-2032.506],"to":[0,0],"ti":[0,0]},{"i":{"x":0.833,"y":0.833},"o":{"x":0.167,"y":0.167},"t":170,"s":[-4828.693,-2032.506],"to":[0,0],"ti":[0,0]},{"i":{"x":0.833,"y":0.833},"o":{"x":0.167,"y":0.167},"t":175,"s":[-4829.693,-2032.506],"to":[0,0],"ti":[0,0]},{"i":{"x":0.833,"y":0.833},"o":{"x":0.167,"y":0.167},"t":180,"s":[-4834.693,-2032.506],"to":[0,0],"ti":[0,0]},{"i":{"x":0.833,"y":0.833},"o":{"x":0.167,"y":0.167},"t":185,"s":[-4838.693,-2032.506],"to":[0,0],"ti":[0,0]},{"i":{"x":0.833,"y":0.833},"o":{"x":0.167,"y":0.167},"t":190,"s":[-4838.693,-2032.506],"to":[0,0],"ti":[0,0]},{"i":{"x":0.833,"y":0.833},"o":{"x":0.167,"y":0.167},"t":195,"s":[-4834,-2032.506],"to":[0,0],"ti":[0,0]},{"i":{"x":0.833,"y":0.833},"o":{"x":0.167,"y":0.167},"t":200,"s":[-4828.693,-2032.506],"to":[0,0],"ti":[0,0]},{"i":{"x":0.833,"y":0.833},"o":{"x":0.167,"y":0.167},"t":205,"s":[-4829.693,-2032.506],"to":[0,0],"ti":[0,0]},{"i":{"x":0.833,"y":0.833},"o":{"x":0.167,"y":0.167},"t":210,"s":[-4834.693,-2032.506],"to":[0,0],"ti":[0,0]},{"i":{"x":0.833,"y":0.833},"o":{"x":0.167,"y":0.167},"t":215,"s":[-4838.693,-2032.506],"to":[0,0],"ti":[0,0]},{"i":{"x":0.667,"y":1},"o":{"x":0.167,"y":0.167},"t":220,"s":[-4838.693,-2032.506],"to":[0,0],"ti":[0,0]},{"t":240,"s":[-4828.693,-2032.506]}],"ix":2},"a":{"a":0,"k":[0,0],"ix":1},"s":{"a":0,"k":[100,100],"ix":3},"r":{"a":0,"k":0,"ix":6},"o":{"a":0,"k":100,"ix":7},"sk":{"a":0,"k":0,"ix":4},"sa":{"a":0,"k":0,"ix":5},"nm":"Transform"}],"nm":"Group 1","np":2,"cix":2,"bm":0,"ix":1,"mn":"ADBE Vector Group","hd":false},{"ty":"gr","it":[{"ind":0,"ty":"sh","ix":1,"ks":{"a":0,"k":{"i":[[2.415,0],[0,0],[0,2.415],[0,0],[-2.415,0],[0,0],[0,-2.415],[0,0]],"o":[[0,0],[-2.415,0],[0,0],[0,-2.415],[0,0],[2.415,0],[0,0],[0,2.415]],"v":[[15.158,4.766],[-15.158,4.766],[-19.53,0.394],[-19.53,-0.394],[-15.158,-4.766],[15.158,-4.766],[19.53,-0.394],[19.53,0.394]],"c":true},"ix":2},"nm":"Path 1","mn":"ADBE Vector Shape - Group","hd":false},{"ty":"fl","c":{"a":0,"k":[0.117647059262,0.517647087574,0.219607844949,1],"ix":4},"o":{"a":0,"k":100,"ix":5},"r":1,"bm":0,"nm":"Fill 1","mn":"ADBE Vector Graphic - Fill","hd":false},{"ty":"tr","p":{"a":1,"k":[{"i":{"x":0.833,"y":0.833},"o":{"x":0.167,"y":0.167},"t":30,"s":[-4877.496,-2161.509],"to":[0,0],"ti":[0,0]},{"i":{"x":0.833,"y":0.833},"o":{"x":0.167,"y":0.167},"t":35,"s":[-4873.289,-2161.509],"to":[0,0],"ti":[0,0]},{"i":{"x":0.833,"y":0.833},"o":{"x":0.167,"y":0.167},"t":40,"s":[-4870.392,-2161.509],"to":[0,0],"ti":[0,0]},{"i":{"x":0.833,"y":0.833},"o":{"x":0.167,"y":0.167},"t":45,"s":[-4873.496,-2161.509],"to":[0,0],"ti":[0,0]},{"i":{"x":0.833,"y":0.833},"o":{"x":0.167,"y":0.167},"t":50,"s":[-4878,-2161.509],"to":[0,0],"ti":[0,0]},{"i":{"x":0.833,"y":0.833},"o":{"x":0.167,"y":0.167},"t":55,"s":[-4880,-2161.509],"to":[0,0],"ti":[0,0]},{"i":{"x":0.833,"y":0.833},"o":{"x":0.167,"y":0.167},"t":60,"s":[-4877.496,-2161.509],"to":[0,0],"ti":[0,0]},{"i":{"x":0.833,"y":0.833},"o":{"x":0.167,"y":0.167},"t":65,"s":[-4873.289,-2161.509],"to":[0,0],"ti":[0,0]},{"i":{"x":0.833,"y":0.833},"o":{"x":0.167,"y":0.167},"t":70,"s":[-4870.392,-2161.509],"to":[0,0],"ti":[0,0]},{"i":{"x":0.833,"y":0.833},"o":{"x":0.167,"y":0.167},"t":75,"s":[-4873.496,-2161.509],"to":[0,0],"ti":[0,0]},{"i":{"x":0.833,"y":0.833},"o":{"x":0.167,"y":0.167},"t":80,"s":[-4878,-2161.509],"to":[0,0],"ti":[0,0]},{"i":{"x":0.833,"y":0.833},"o":{"x":0.167,"y":0.167},"t":85,"s":[-4880,-2161.509],"to":[0,0],"ti":[0,0]},{"i":{"x":0.833,"y":0.833},"o":{"x":0.167,"y":0.167},"t":90,"s":[-4877.496,-2161.509],"to":[0,0],"ti":[0,0]},{"i":{"x":0.833,"y":0.833},"o":{"x":0.167,"y":0.167},"t":95,"s":[-4873.289,-2161.509],"to":[0,0],"ti":[0,0]},{"i":{"x":0.833,"y":0.833},"o":{"x":0.167,"y":0.167},"t":100,"s":[-4870.392,-2161.509],"to":[0,0],"ti":[0,0]},{"i":{"x":0.833,"y":0.833},"o":{"x":0.167,"y":0.167},"t":105,"s":[-4873.496,-2161.509],"to":[0,0],"ti":[0,0]},{"i":{"x":0.833,"y":0.833},"o":{"x":0.167,"y":0.167},"t":110,"s":[-4878,-2161.509],"to":[0,0],"ti":[0,0]},{"i":{"x":0.833,"y":0.833},"o":{"x":0.167,"y":0.167},"t":115,"s":[-4880,-2161.509],"to":[0,0],"ti":[0,0]},{"i":{"x":0.833,"y":0.833},"o":{"x":0.167,"y":0.167},"t":120,"s":[-4877.496,-2161.509],"to":[0,0],"ti":[0,0]},{"i":{"x":0.833,"y":0.833},"o":{"x":0.167,"y":0.167},"t":125,"s":[-4873.289,-2161.509],"to":[0,0],"ti":[0,0]},{"i":{"x":0.833,"y":0.833},"o":{"x":0.167,"y":0.167},"t":130,"s":[-4870.392,-2161.509],"to":[0,0],"ti":[0,0]},{"i":{"x":0.833,"y":0.833},"o":{"x":0.167,"y":0.167},"t":135,"s":[-4873.496,-2161.509],"to":[0,0],"ti":[0,0]},{"i":{"x":0.833,"y":0.833},"o":{"x":0.167,"y":0.167},"t":140,"s":[-4878,-2161.509],"to":[0,0],"ti":[0,0]},{"i":{"x":0.833,"y":0.833},"o":{"x":0.167,"y":0.167},"t":145,"s":[-4880,-2161.509],"to":[0,0],"ti":[0,0]},{"i":{"x":0.833,"y":0.833},"o":{"x":0.167,"y":0.167},"t":150,"s":[-4877.496,-2161.509],"to":[0,0],"ti":[0,0]},{"i":{"x":0.833,"y":0.833},"o":{"x":0.167,"y":0.167},"t":155,"s":[-4873.289,-2161.509],"to":[0,0],"ti":[0,0]},{"i":{"x":0.833,"y":0.833},"o":{"x":0.167,"y":0.167},"t":160,"s":[-4870.392,-2161.509],"to":[0,0],"ti":[0,0]},{"i":{"x":0.833,"y":0.833},"o":{"x":0.167,"y":0.167},"t":165,"s":[-4873.496,-2161.509],"to":[0,0],"ti":[0,0]},{"i":{"x":0.833,"y":0.833},"o":{"x":0.167,"y":0.167},"t":170,"s":[-4878,-2161.509],"to":[0,0],"ti":[0,0]},{"i":{"x":0.833,"y":0.833},"o":{"x":0.167,"y":0.167},"t":175,"s":[-4880,-2161.509],"to":[0,0],"ti":[0,0]},{"i":{"x":0.833,"y":0.833},"o":{"x":0.167,"y":0.167},"t":180,"s":[-4877.496,-2161.509],"to":[0,0],"ti":[0,0]},{"i":{"x":0.833,"y":0.833},"o":{"x":0.167,"y":0.167},"t":185,"s":[-4873.289,-2161.509],"to":[0,0],"ti":[0,0]},{"i":{"x":0.833,"y":0.833},"o":{"x":0.167,"y":0.167},"t":190,"s":[-4870.392,-2161.509],"to":[0,0],"ti":[0,0]},{"i":{"x":0.833,"y":0.833},"o":{"x":0.167,"y":0.167},"t":195,"s":[-4873.496,-2161.509],"to":[0,0],"ti":[0,0]},{"i":{"x":0.833,"y":0.833},"o":{"x":0.167,"y":0.167},"t":200,"s":[-4878,-2161.509],"to":[0,0],"ti":[0,0]},{"i":{"x":0.833,"y":0.833},"o":{"x":0.167,"y":0.167},"t":205,"s":[-4880,-2161.509],"to":[0,0],"ti":[0,0]},{"i":{"x":0.833,"y":0.833},"o":{"x":0.167,"y":0.167},"t":210,"s":[-4877.496,-2161.509],"to":[0,0],"ti":[0,0]},{"i":{"x":0.833,"y":0.833},"o":{"x":0.167,"y":0.167},"t":215,"s":[-4873.289,-2161.509],"to":[0,0],"ti":[0,0]},{"i":{"x":0.667,"y":1},"o":{"x":0.167,"y":0.167},"t":220,"s":[-4870.392,-2161.509],"to":[0,0],"ti":[0,0]},{"t":240,"s":[-4878,-2161.509]}],"ix":2},"a":{"a":0,"k":[0,0],"ix":1},"s":{"a":0,"k":[100,100],"ix":3},"r":{"a":0,"k":0,"ix":6},"o":{"a":0,"k":100,"ix":7},"sk":{"a":0,"k":0,"ix":4},"sa":{"a":0,"k":0,"ix":5},"nm":"Transform"}],"nm":"Group 2","np":2,"cix":2,"bm":0,"ix":2,"mn":"ADBE Vector Group","hd":false},{"ty":"gr","it":[{"ind":0,"ty":"sh","ix":1,"ks":{"a":0,"k":{"i":[[0,13.969],[13.969,0],[0,-13.969],[-13.969,0]],"o":[[0,-13.969],[-13.969,0],[0,13.969],[13.969,0]],"v":[[25.293,0],[0,-25.293],[-25.293,0],[0,25.293]],"c":true},"ix":2},"nm":"Path 1","mn":"ADBE Vector Shape - Group","hd":false},{"ty":"fl","c":{"a":0,"k":[0.117647059262,0.517647087574,0.219607844949,1],"ix":4},"o":{"a":0,"k":100,"ix":5},"r":1,"bm":0,"nm":"Fill 1","mn":"ADBE Vector Graphic - Fill","hd":false},{"ty":"tr","p":{"a":1,"k":[{"i":{"x":0.667,"y":1},"o":{"x":0.333,"y":0},"t":30,"s":[-4850.08,-2097.007],"to":[0,0],"ti":[0,0]},{"i":{"x":0.667,"y":1},"o":{"x":0.333,"y":0},"t":45,"s":[-4860.08,-2097.007],"to":[0,0],"ti":[0,0]},{"i":{"x":0.667,"y":1},"o":{"x":0.333,"y":0},"t":60,"s":[-4850.08,-2097.007],"to":[0,0],"ti":[0,0]},{"i":{"x":0.667,"y":1},"o":{"x":0.333,"y":0},"t":75,"s":[-4860.08,-2097.007],"to":[0,0],"ti":[0,0]},{"i":{"x":0.667,"y":1},"o":{"x":0.333,"y":0},"t":90,"s":[-4850.08,-2097.007],"to":[0,0],"ti":[0,0]},{"i":{"x":0.667,"y":1},"o":{"x":0.333,"y":0},"t":105,"s":[-4860.08,-2097.007],"to":[0,0],"ti":[0,0]},{"i":{"x":0.667,"y":1},"o":{"x":0.333,"y":0},"t":120,"s":[-4850.08,-2097.007],"to":[0,0],"ti":[0,0]},{"i":{"x":0.667,"y":1},"o":{"x":0.333,"y":0},"t":135,"s":[-4860.08,-2097.007],"to":[0,0],"ti":[0,0]},{"i":{"x":0.667,"y":1},"o":{"x":0.333,"y":0},"t":150,"s":[-4850.08,-2097.007],"to":[0,0],"ti":[0,0]},{"i":{"x":0.667,"y":1},"o":{"x":0.333,"y":0},"t":165,"s":[-4860.08,-2097.007],"to":[0,0],"ti":[0,0]},{"i":{"x":0.667,"y":1},"o":{"x":0.333,"y":0},"t":180,"s":[-4850.08,-2097.007],"to":[0,0],"ti":[0,0]},{"i":{"x":0.667,"y":1},"o":{"x":0.333,"y":0},"t":195,"s":[-4860.08,-2097.007],"to":[0,0],"ti":[0,0]},{"i":{"x":0.667,"y":1},"o":{"x":0.333,"y":0},"t":210,"s":[-4850.08,-2097.007],"to":[0,0],"ti":[0,0]},{"t":240,"s":[-4859.08,-2097.007]}],"ix":2},"a":{"a":0,"k":[0,0],"ix":1},"s":{"a":0,"k":[100,100],"ix":3},"r":{"a":0,"k":0,"ix":6},"o":{"a":0,"k":100,"ix":7},"sk":{"a":0,"k":0,"ix":4},"sa":{"a":0,"k":0,"ix":5},"nm":"Transform"}],"nm":"Group 3","np":2,"cix":2,"bm":0,"ix":3,"mn":"ADBE Vector Group","hd":false},{"ty":"gr","it":[{"ind":0,"ty":"sh","ix":1,"ks":{"a":1,"k":[{"i":{"x":0.833,"y":0.833},"o":{"x":0.167,"y":0.167},"t":30,"s":[{"i":[[4.091,-10.24],[10.63,0.135],[2.803,43.928],[0.516,12.398],[-9.409,-0.135],[-1.773,-50.07]],"o":[[-6.659,0.01],[1.255,-9.49],[-2.983,-46.75],[8.38,0.115],[3.716,9.24],[1.771,50.014]],"v":[[45.784,78.74],[-53.755,78.74],[-45.017,-1.75],[-53.755,-78.74],[45.784,-78.74],[54.523,0.57]],"c":true}]},{"i":{"x":0.833,"y":0.833},"o":{"x":0.167,"y":0.167},"t":35,"s":[{"i":[[-0.784,-14.615],[10.63,0.135],[-4.733,43.746],[1.287,12.24],[-9.409,-0.135],[5.727,-47.82]],"o":[[-6.659,0.01],[-0.12,-14.865],[5.267,-44.879],[8.38,0.115],[2.622,14.24],[-5.565,46.463]],"v":[[45.784,78.74],[-53.755,78.74],[-48.017,-1.746],[-49.599,-78.74],[50.565,-78.74],[52.773,4.82]],"c":true}]},{"i":{"x":0.833,"y":0.833},"o":{"x":0.167,"y":0.167},"t":40,"s":[{"i":[[-0.284,-10.99],[10.63,0.135],[-7.054,43.448],[0.516,12.398],[-9.409,-0.135],[6.978,-43.154]],"o":[[-6.659,0.01],[-1.495,-12.74],[7.267,-44.757],[8.38,0.115],[1.529,19.24],[-7.023,43.43]],"v":[[45.784,78.74],[-53.755,78.74],[-51.017,-1.743],[-45.443,-78.74],[54.096,-78.74],[47.523,8.82]],"c":true}]},{"i":{"x":0.833,"y":0.833},"o":{"x":0.167,"y":0.167},"t":45,"s":[{"i":[[-0.034,-11.86],[10.63,0.135],[-1.079,43.596],[-0.146,11.686],[-9.409,-0.135],[-0.272,-43.112]],"o":[[-6.659,0.01],[-1.495,-12.74],[1.142,-44.64],[8.38,0.115],[-0.159,18.982],[0.273,43.384]],"v":[[52.409,78.735],[-49.38,78.739],[-54.298,-1.735],[-46.505,-78.732],[53.034,-78.732],[45.273,8.82]],"c":true}]},{"i":{"x":0.833,"y":0.833},"o":{"x":0.167,"y":0.167},"t":50,"s":[{"i":[[4.091,-10.24],[10.63,0.135],[4.896,43.744],[-0.807,10.973],[-9.409,-0.135],[-7.523,-43.07]],"o":[[-6.659,0.01],[-1.495,-12.74],[-4.983,-44.522],[8.38,0.115],[-1.846,18.723],[7.569,43.338]],"v":[[54.534,78.738],[-45.005,78.738],[-53.517,-1.728],[-50.693,-78.723],[48.846,-78.723],[47.523,8.82]],"c":true}]},{"i":{"x":0.833,"y":0.833},"o":{"x":0.167,"y":0.167},"t":55,"s":[{"i":[[1.716,-11.86],[10.63,0.135],[5.971,43.597],[-0.146,11.686],[-9.409,-0.135],[-6.773,-46.023]],"o":[[-6.659,0.01],[-0.12,-11.115],[-6.233,-45.511],[8.38,0.115],[-0.128,14.732],[5.791,39.353]],"v":[[53.784,78.735],[-46.005,78.735],[-49.267,-1.739],[-54.412,-78.732],[45.128,-78.732],[52.898,4.648]],"c":true}]},{"i":{"x":0.833,"y":0.833},"o":{"x":0.167,"y":0.167},"t":60,"s":[{"i":[[4.091,-10.24],[10.63,0.135],[2.803,43.927],[0.516,12.398],[-9.409,-0.135],[-1.773,-50.07]],"o":[[-6.659,0.01],[1.255,-9.49],[-2.983,-46.75],[8.38,0.115],[3.716,9.24],[1.771,50.014]],"v":[[45.784,78.74],[-53.755,78.74],[-45.017,-1.75],[-53.755,-78.74],[45.784,-78.74],[54.523,0.57]],"c":true}]},{"i":{"x":0.833,"y":0.833},"o":{"x":0.167,"y":0.167},"t":65,"s":[{"i":[[-0.784,-14.615],[10.63,0.135],[-4.733,43.746],[1.287,12.24],[-9.409,-0.135],[5.728,-47.82]],"o":[[-6.659,0.01],[-0.12,-14.865],[5.267,-44.879],[8.38,0.115],[2.622,14.24],[-5.564,46.464]],"v":[[45.784,78.74],[-53.755,78.74],[-48.017,-1.746],[-49.599,-78.74],[50.565,-78.74],[52.772,4.82]],"c":true}]},{"i":{"x":0.833,"y":0.833},"o":{"x":0.167,"y":0.167},"t":70,"s":[{"i":[[-0.284,-10.99],[10.63,0.135],[-7.054,43.448],[0.516,12.398],[-9.409,-0.135],[6.978,-43.154]],"o":[[-6.659,0.01],[-1.495,-12.74],[7.267,-44.757],[8.38,0.115],[1.528,19.24],[-7.022,43.43]],"v":[[45.784,78.74],[-53.755,78.74],[-51.017,-1.743],[-45.443,-78.74],[54.097,-78.74],[47.522,8.82]],"c":true}]},{"i":{"x":0.833,"y":0.833},"o":{"x":0.167,"y":0.167},"t":75,"s":[{"i":[[-0.034,-11.86],[10.63,0.135],[-1.079,43.596],[-0.146,11.686],[-9.409,-0.135],[-0.272,-43.112]],"o":[[-6.659,0.01],[-1.495,-12.74],[1.142,-44.64],[8.38,0.115],[-0.159,18.982],[0.273,43.384]],"v":[[52.409,78.735],[-49.38,78.739],[-54.298,-1.735],[-46.505,-78.732],[53.034,-78.732],[45.273,8.82]],"c":true}]},{"i":{"x":0.833,"y":0.833},"o":{"x":0.167,"y":0.167},"t":80,"s":[{"i":[[4.091,-10.24],[10.63,0.135],[4.896,43.744],[-0.807,10.973],[-9.409,-0.135],[-7.522,-43.07]],"o":[[-6.659,0.01],[-1.495,-12.74],[-4.983,-44.522],[8.38,0.115],[-1.847,18.723],[7.569,43.338]],"v":[[54.534,78.738],[-45.005,78.738],[-53.517,-1.728],[-50.693,-78.723],[48.847,-78.723],[47.522,8.82]],"c":true}]},{"i":{"x":0.833,"y":0.833},"o":{"x":0.167,"y":0.167},"t":85,"s":[{"i":[[1.716,-11.86],[10.63,0.135],[5.971,43.597],[-0.146,11.686],[-9.409,-0.135],[-6.773,-46.023]],"o":[[-6.659,0.01],[-0.12,-11.115],[-6.233,-45.511],[8.38,0.115],[-0.128,14.732],[5.791,39.353]],"v":[[53.784,78.735],[-46.005,78.735],[-49.267,-1.739],[-54.412,-78.732],[45.128,-78.732],[52.898,4.648]],"c":true}]},{"i":{"x":0.833,"y":0.833},"o":{"x":0.167,"y":0.167},"t":90,"s":[{"i":[[4.091,-10.24],[10.63,0.135],[2.803,43.927],[0.516,12.398],[-9.409,-0.135],[-1.773,-50.07]],"o":[[-6.659,0.01],[1.255,-9.49],[-2.983,-46.75],[8.38,0.115],[3.716,9.24],[1.771,50.014]],"v":[[45.784,78.74],[-53.755,78.74],[-45.017,-1.75],[-53.755,-78.74],[45.784,-78.74],[54.523,0.57]],"c":true}]},{"i":{"x":0.833,"y":0.833},"o":{"x":0.167,"y":0.167},"t":95,"s":[{"i":[[-0.784,-14.615],[10.63,0.135],[-4.733,43.746],[1.287,12.24],[-9.409,-0.135],[5.728,-47.82]],"o":[[-6.659,0.01],[-0.12,-14.865],[5.267,-44.879],[8.38,0.115],[2.622,14.24],[-5.564,46.464]],"v":[[45.784,78.74],[-53.755,78.74],[-48.017,-1.746],[-49.599,-78.74],[50.565,-78.74],[52.772,4.82]],"c":true}]},{"i":{"x":0.833,"y":0.833},"o":{"x":0.167,"y":0.167},"t":100,"s":[{"i":[[-0.284,-10.99],[10.63,0.135],[-7.054,43.448],[0.516,12.398],[-9.409,-0.135],[6.978,-43.154]],"o":[[-6.659,0.01],[-1.495,-12.74],[7.267,-44.757],[8.38,0.115],[1.528,19.24],[-7.022,43.43]],"v":[[45.784,78.74],[-53.755,78.74],[-51.017,-1.743],[-45.443,-78.74],[54.097,-78.74],[47.522,8.82]],"c":true}]},{"i":{"x":0.833,"y":0.833},"o":{"x":0.167,"y":0.167},"t":105,"s":[{"i":[[-0.034,-11.86],[10.63,0.135],[-1.079,43.596],[-0.146,11.686],[-9.409,-0.135],[-0.272,-43.112]],"o":[[-6.659,0.01],[-1.495,-12.74],[1.142,-44.64],[8.38,0.115],[-0.159,18.982],[0.273,43.384]],"v":[[52.409,78.735],[-49.38,78.739],[-54.298,-1.735],[-46.505,-78.732],[53.034,-78.732],[45.273,8.82]],"c":true}]},{"i":{"x":0.833,"y":0.833},"o":{"x":0.167,"y":0.167},"t":110,"s":[{"i":[[4.091,-10.24],[10.63,0.135],[4.896,43.744],[-0.807,10.973],[-9.409,-0.135],[-7.522,-43.07]],"o":[[-6.659,0.01],[-1.495,-12.74],[-4.983,-44.522],[8.38,0.115],[-1.847,18.723],[7.569,43.338]],"v":[[54.534,78.738],[-45.005,78.738],[-53.517,-1.728],[-50.693,-78.723],[48.847,-78.723],[47.522,8.82]],"c":true}]},{"i":{"x":0.833,"y":0.833},"o":{"x":0.167,"y":0.167},"t":115,"s":[{"i":[[1.716,-11.86],[10.63,0.135],[5.971,43.597],[-0.146,11.686],[-9.409,-0.135],[-6.773,-46.023]],"o":[[-6.659,0.01],[-0.12,-11.115],[-6.233,-45.511],[8.38,0.115],[-0.128,14.732],[5.791,39.353]],"v":[[53.784,78.735],[-46.005,78.735],[-49.267,-1.739],[-54.412,-78.732],[45.128,-78.732],[52.898,4.648]],"c":true}]},{"i":{"x":0.833,"y":0.833},"o":{"x":0.167,"y":0.167},"t":120,"s":[{"i":[[4.091,-10.24],[10.63,0.135],[2.803,43.927],[0.516,12.398],[-9.409,-0.135],[-1.773,-50.07]],"o":[[-6.659,0.01],[1.255,-9.49],[-2.983,-46.75],[8.38,0.115],[3.716,9.24],[1.771,50.014]],"v":[[45.784,78.74],[-53.755,78.74],[-45.017,-1.75],[-53.755,-78.74],[45.784,-78.74],[54.523,0.57]],"c":true}]},{"i":{"x":0.833,"y":0.833},"o":{"x":0.167,"y":0.167},"t":125,"s":[{"i":[[-0.784,-14.615],[10.63,0.135],[-4.733,43.746],[1.287,12.24],[-9.409,-0.135],[5.728,-47.82]],"o":[[-6.659,0.01],[-0.12,-14.865],[5.267,-44.879],[8.38,0.115],[2.622,14.24],[-5.564,46.464]],"v":[[45.784,78.74],[-53.755,78.74],[-48.017,-1.746],[-49.599,-78.74],[50.565,-78.74],[52.772,4.82]],"c":true}]},{"i":{"x":0.833,"y":0.833},"o":{"x":0.167,"y":0.167},"t":130,"s":[{"i":[[-0.284,-10.99],[10.63,0.135],[-7.054,43.448],[0.516,12.398],[-9.409,-0.135],[6.978,-43.154]],"o":[[-6.659,0.01],[-1.495,-12.74],[7.267,-44.757],[8.38,0.115],[1.528,19.24],[-7.022,43.43]],"v":[[45.784,78.74],[-53.755,78.74],[-51.017,-1.743],[-45.443,-78.74],[54.097,-78.74],[47.522,8.82]],"c":true}]},{"i":{"x":0.833,"y":0.833},"o":{"x":0.167,"y":0.167},"t":135,"s":[{"i":[[-0.034,-11.86],[10.63,0.135],[-1.079,43.596],[-0.146,11.686],[-9.409,-0.135],[-0.272,-43.112]],"o":[[-6.659,0.01],[-1.495,-12.74],[1.142,-44.64],[8.38,0.115],[-0.159,18.982],[0.273,43.384]],"v":[[52.409,78.735],[-49.38,78.739],[-54.298,-1.735],[-46.505,-78.732],[53.034,-78.732],[45.273,8.82]],"c":true}]},{"i":{"x":0.833,"y":0.833},"o":{"x":0.167,"y":0.167},"t":140,"s":[{"i":[[4.091,-10.24],[10.63,0.135],[4.896,43.744],[-0.807,10.973],[-9.409,-0.135],[-7.522,-43.07]],"o":[[-6.659,0.01],[-1.495,-12.74],[-4.983,-44.522],[8.38,0.115],[-1.847,18.723],[7.569,43.338]],"v":[[54.534,78.738],[-45.005,78.738],[-53.517,-1.728],[-50.693,-78.723],[48.847,-78.723],[47.522,8.82]],"c":true}]},{"i":{"x":0.833,"y":0.833},"o":{"x":0.167,"y":0.167},"t":145,"s":[{"i":[[1.716,-11.86],[10.63,0.135],[5.971,43.597],[-0.146,11.686],[-9.409,-0.135],[-6.773,-46.023]],"o":[[-6.659,0.01],[-0.12,-11.115],[-6.233,-45.511],[8.38,0.115],[-0.128,14.732],[5.791,39.353]],"v":[[53.784,78.735],[-46.005,78.735],[-49.267,-1.739],[-54.412,-78.732],[45.128,-78.732],[52.898,4.648]],"c":true}]},{"i":{"x":0.833,"y":0.833},"o":{"x":0.167,"y":0.167},"t":150,"s":[{"i":[[4.091,-10.24],[10.63,0.135],[2.803,43.927],[0.516,12.398],[-9.409,-0.135],[-1.773,-50.07]],"o":[[-6.659,0.01],[1.255,-9.49],[-2.983,-46.75],[8.38,0.115],[3.716,9.24],[1.771,50.014]],"v":[[45.784,78.74],[-53.755,78.74],[-45.017,-1.75],[-53.755,-78.74],[45.784,-78.74],[54.523,0.57]],"c":true}]},{"i":{"x":0.833,"y":0.833},"o":{"x":0.167,"y":0.167},"t":155,"s":[{"i":[[-0.784,-14.615],[10.63,0.135],[-4.733,43.746],[1.287,12.24],[-9.409,-0.135],[5.728,-47.82]],"o":[[-6.659,0.01],[-0.12,-14.865],[5.267,-44.879],[8.38,0.115],[2.622,14.24],[-5.564,46.464]],"v":[[45.784,78.74],[-53.755,78.74],[-48.017,-1.746],[-49.599,-78.74],[50.565,-78.74],[52.772,4.82]],"c":true}]},{"i":{"x":0.833,"y":0.833},"o":{"x":0.167,"y":0.167},"t":160,"s":[{"i":[[-0.284,-10.99],[10.63,0.135],[-7.054,43.448],[0.516,12.398],[-9.409,-0.135],[6.978,-43.154]],"o":[[-6.659,0.01],[-1.495,-12.74],[7.267,-44.757],[8.38,0.115],[1.528,19.24],[-7.022,43.43]],"v":[[45.784,78.74],[-53.755,78.74],[-51.017,-1.743],[-45.443,-78.74],[54.097,-78.74],[47.522,8.82]],"c":true}]},{"i":{"x":0.833,"y":0.833},"o":{"x":0.167,"y":0.167},"t":165,"s":[{"i":[[-0.034,-11.86],[10.63,0.135],[-1.079,43.596],[-0.146,11.686],[-9.409,-0.135],[-0.272,-43.112]],"o":[[-6.659,0.01],[-1.495,-12.74],[1.142,-44.64],[8.38,0.115],[-0.159,18.982],[0.273,43.384]],"v":[[52.409,78.735],[-49.38,78.739],[-54.298,-1.735],[-46.505,-78.732],[53.034,-78.732],[45.273,8.82]],"c":true}]},{"i":{"x":0.833,"y":0.833},"o":{"x":0.167,"y":0.167},"t":170,"s":[{"i":[[4.091,-10.24],[10.63,0.135],[4.896,43.744],[-0.807,10.973],[-9.409,-0.135],[-7.522,-43.07]],"o":[[-6.659,0.01],[-1.495,-12.74],[-4.983,-44.522],[8.38,0.115],[-1.847,18.723],[7.569,43.338]],"v":[[54.534,78.738],[-45.005,78.738],[-53.517,-1.728],[-50.693,-78.723],[48.847,-78.723],[47.522,8.82]],"c":true}]},{"i":{"x":0.833,"y":0.833},"o":{"x":0.167,"y":0.167},"t":175,"s":[{"i":[[1.716,-11.86],[10.63,0.135],[5.971,43.597],[-0.146,11.686],[-9.409,-0.135],[-6.773,-46.023]],"o":[[-6.659,0.01],[-0.12,-11.115],[-6.233,-45.511],[8.38,0.115],[-0.128,14.732],[5.791,39.353]],"v":[[53.784,78.735],[-46.005,78.735],[-49.267,-1.739],[-54.412,-78.732],[45.128,-78.732],[52.898,4.648]],"c":true}]},{"i":{"x":0.833,"y":0.833},"o":{"x":0.167,"y":0.167},"t":180,"s":[{"i":[[4.091,-10.24],[10.63,0.135],[2.803,43.927],[0.516,12.398],[-9.409,-0.135],[-1.773,-50.07]],"o":[[-6.659,0.01],[1.255,-9.49],[-2.983,-46.75],[8.38,0.115],[3.716,9.24],[1.771,50.014]],"v":[[45.784,78.74],[-53.755,78.74],[-45.017,-1.75],[-53.755,-78.74],[45.784,-78.74],[54.523,0.57]],"c":true}]},{"i":{"x":0.833,"y":0.833},"o":{"x":0.167,"y":0.167},"t":185,"s":[{"i":[[-0.784,-14.615],[10.63,0.135],[-4.733,43.746],[1.287,12.24],[-9.409,-0.135],[5.728,-47.82]],"o":[[-6.659,0.01],[-0.12,-14.865],[5.267,-44.879],[8.38,0.115],[2.622,14.24],[-5.564,46.464]],"v":[[45.784,78.74],[-53.755,78.74],[-48.017,-1.746],[-49.599,-78.74],[50.565,-78.74],[52.772,4.82]],"c":true}]},{"i":{"x":0.833,"y":0.833},"o":{"x":0.167,"y":0.167},"t":190,"s":[{"i":[[-0.284,-10.99],[10.63,0.135],[-7.054,43.448],[0.516,12.398],[-9.409,-0.135],[6.978,-43.154]],"o":[[-6.659,0.01],[-1.495,-12.74],[7.267,-44.757],[8.38,0.115],[1.528,19.24],[-7.022,43.43]],"v":[[45.784,78.74],[-53.755,78.74],[-51.017,-1.743],[-45.443,-78.74],[54.097,-78.74],[47.522,8.82]],"c":true}]},{"i":{"x":0.833,"y":0.833},"o":{"x":0.167,"y":0.167},"t":195,"s":[{"i":[[-0.034,-11.86],[10.63,0.135],[-1.079,43.596],[-0.146,11.686],[-9.409,-0.135],[-0.272,-43.112]],"o":[[-6.659,0.01],[-1.495,-12.74],[1.142,-44.64],[8.38,0.115],[-0.159,18.982],[0.273,43.384]],"v":[[52.409,78.735],[-49.38,78.739],[-54.298,-1.735],[-46.505,-78.732],[53.034,-78.732],[45.273,8.82]],"c":true}]},{"i":{"x":0.833,"y":0.833},"o":{"x":0.167,"y":0.167},"t":200,"s":[{"i":[[4.091,-10.24],[10.63,0.135],[4.896,43.744],[-0.807,10.973],[-9.409,-0.135],[-7.522,-43.07]],"o":[[-6.659,0.01],[-1.495,-12.74],[-4.983,-44.522],[8.38,0.115],[-1.847,18.723],[7.569,43.338]],"v":[[54.534,78.738],[-45.005,78.738],[-53.517,-1.728],[-50.693,-78.723],[48.847,-78.723],[47.522,8.82]],"c":true}]},{"i":{"x":0.833,"y":0.833},"o":{"x":0.167,"y":0.167},"t":205,"s":[{"i":[[1.716,-11.86],[10.63,0.135],[5.971,43.597],[-0.146,11.686],[-9.409,-0.135],[-6.773,-46.023]],"o":[[-6.659,0.01],[-0.12,-11.115],[-6.233,-45.511],[8.38,0.115],[-0.128,14.732],[5.791,39.353]],"v":[[53.784,78.735],[-46.005,78.735],[-49.267,-1.739],[-54.412,-78.732],[45.128,-78.732],[52.898,4.648]],"c":true}]},{"i":{"x":0.833,"y":0.833},"o":{"x":0.167,"y":0.167},"t":210,"s":[{"i":[[4.091,-10.24],[10.63,0.135],[2.803,43.927],[0.516,12.398],[-9.409,-0.135],[-1.773,-50.07]],"o":[[-6.659,0.01],[1.255,-9.49],[-2.983,-46.75],[8.38,0.115],[3.716,9.24],[1.771,50.014]],"v":[[45.784,78.74],[-53.755,78.74],[-45.017,-1.75],[-53.755,-78.74],[45.784,-78.74],[54.523,0.57]],"c":true}]},{"i":{"x":0.833,"y":0.833},"o":{"x":0.167,"y":0.167},"t":215,"s":[{"i":[[-0.784,-14.615],[10.63,0.135],[-4.733,43.746],[1.287,12.24],[-9.409,-0.135],[5.728,-47.82]],"o":[[-6.659,0.01],[-0.12,-14.865],[5.267,-44.879],[8.38,0.115],[2.622,14.24],[-5.564,46.464]],"v":[[45.784,78.74],[-53.755,78.74],[-48.017,-1.746],[-49.599,-78.74],[50.565,-78.74],[52.772,4.82]],"c":true}]},{"i":{"x":0.667,"y":1},"o":{"x":0.167,"y":0.167},"t":220,"s":[{"i":[[-0.284,-10.99],[10.63,0.135],[-7.054,43.448],[0.516,12.398],[-9.409,-0.135],[6.978,-43.154]],"o":[[-6.659,0.01],[-1.495,-12.74],[7.267,-44.757],[8.38,0.115],[1.528,19.24],[-7.022,43.43]],"v":[[45.784,78.74],[-53.755,78.74],[-51.017,-1.743],[-45.443,-78.74],[54.097,-78.74],[47.522,8.82]],"c":true}]},{"t":240,"s":[{"i":[[4.091,-10.24],[10.63,0.135],[4.896,43.744],[-0.807,10.973],[-9.409,-0.135],[-7.522,-43.07]],"o":[[-6.659,0.01],[-1.495,-12.74],[-4.983,-44.522],[8.38,0.115],[-1.847,18.723],[7.569,43.338]],"v":[[54.534,78.738],[-45.005,78.738],[-53.517,-1.728],[-50.693,-78.723],[48.847,-78.723],[47.522,8.82]],"c":true}]}],"ix":2},"nm":"Path 1","mn":"ADBE Vector Shape - Group","hd":false},{"ty":"fl","c":{"a":0,"k":[0.219607844949,0.631372570992,0.345098048449,1],"ix":4},"o":{"a":0,"k":100,"ix":5},"r":1,"bm":0,"nm":"Fill 1","mn":"ADBE Vector Graphic - Fill","hd":false},{"ty":"tr","p":{"a":0,"k":[-4855.08,-2097.007],"ix":2},"a":{"a":0,"k":[0,0],"ix":1},"s":{"a":0,"k":[100,100],"ix":3},"r":{"a":0,"k":0,"ix":6},"o":{"a":0,"k":100,"ix":7},"sk":{"a":0,"k":0,"ix":4},"sa":{"a":0,"k":0,"ix":5},"nm":"Transform"}],"nm":"Group 4","np":2,"cix":2,"bm":0,"ix":4,"mn":"ADBE Vector Group","hd":false}],"ip":30,"op":1830,"st":30,"bm":0},{"ddd":0,"ind":17,"ty":4,"nm":"pot_behind","sr":1,"ks":{"o":{"a":0,"k":100,"ix":11},"r":{"a":1,"k":[{"i":{"x":[0.594],"y":[1]},"o":{"x":[0],"y":[0]},"t":29,"s":[0]},{"t":240,"s":[20]}],"ix":10},"p":{"a":1,"k":[{"i":{"x":0.594,"y":1},"o":{"x":0,"y":0},"t":29,"s":[264.32,263.457,0],"to":[0,0,0],"ti":[0,0,0]},{"t":240,"s":[267.32,223.457,0]}],"ix":2,"l":2},"a":{"a":0,"k":[0,0,0],"ix":1,"l":2},"s":{"a":0,"k":[100,100,100],"ix":6,"l":2}},"ao":0,"shapes":[{"ty":"gr","it":[{"ind":0,"ty":"sh","ix":1,"ks":{"a":0,"k":{"i":[[0,0],[0,0],[0,0],[0,0],[0,0],[0,0],[0,0],[0,0],[0,0],[0,0],[0,0],[0,0],[0,0],[0,0],[0,0],[0,0],[0,0],[0,0],[0,0]],"o":[[0,0],[0,0],[0,0],[0,0],[0,0],[0,0],[0,0],[0,0],[0,0],[0,0],[0,0],[0,0],[0,0],[0,0],[0,0],[0,0],[0,0],[0,0],[0,0]],"v":[[-35.019,-52.972],[-11.152,-60.42],[6.736,-59.2],[19.552,-43.859],[22.779,-34.264],[35.322,-34.428],[50.864,-21.491],[56.336,-5.852],[63.228,13.604],[72.256,29.912],[72.256,43.7],[44.48,60.42],[18.619,59.204],[-26.352,58.292],[-56.144,42.788],[-56.144,19.684],[-72.256,0],[-68.608,-31.692],[-49.152,-35.34]],"c":true},"ix":2},"nm":"Path 1","mn":"ADBE Vector Shape - Group","hd":false},{"ty":"fl","c":{"a":0,"k":[0.898039221764,0.68235296011,0,1],"ix":4},"o":{"a":0,"k":100,"ix":5},"r":1,"bm":0,"nm":"Fill 1","mn":"ADBE Vector Graphic - Fill","hd":false},{"ty":"tr","p":{"a":0,"k":[0,0],"ix":2},"a":{"a":0,"k":[0,0],"ix":1},"s":{"a":0,"k":[100,100],"ix":3},"r":{"a":0,"k":0,"ix":6},"o":{"a":0,"k":100,"ix":7},"sk":{"a":0,"k":0,"ix":4},"sa":{"a":0,"k":0,"ix":5},"nm":"Transform"}],"nm":"Group 1","np":2,"cix":2,"bm":0,"ix":1,"mn":"ADBE Vector Group","hd":false}],"ip":29,"op":1829,"st":29,"bm":0},{"ddd":0,"ind":18,"ty":4,"nm":"pot_pattern","sr":1,"ks":{"o":{"a":0,"k":100,"ix":11},"r":{"a":1,"k":[{"i":{"x":[0.667],"y":[1]},"o":{"x":[0.333],"y":[0]},"t":0,"s":[0]},{"i":{"x":[0.667],"y":[1]},"o":{"x":[0.333],"y":[0]},"t":3,"s":[0.5]},{"i":{"x":[0.667],"y":[1]},"o":{"x":[0.333],"y":[0]},"t":6,"s":[-1.5]},{"i":{"x":[0.667],"y":[1]},"o":{"x":[0.333],"y":[0]},"t":9,"s":[1]},{"i":{"x":[0.667],"y":[1]},"o":{"x":[0.333],"y":[0]},"t":12,"s":[0]},{"i":{"x":[0.667],"y":[1]},"o":{"x":[0.333],"y":[0]},"t":15,"s":[1]},{"i":{"x":[0.667],"y":[1]},"o":{"x":[0.333],"y":[0]},"t":18,"s":[-2]},{"i":{"x":[0.667],"y":[1]},"o":{"x":[0.333],"y":[0]},"t":21,"s":[1]},{"i":{"x":[0.743],"y":[1.128]},"o":{"x":[0.422],"y":[0]},"t":23,"s":[0]},{"i":{"x":[0.591],"y":[1]},"o":{"x":[0.508],"y":[0.088]},"t":27,"s":[4.314]},{"t":30,"s":[-5]}],"ix":10},"p":{"s":true,"x":{"a":0,"k":250,"ix":3},"y":{"a":1,"k":[{"i":{"x":[0.667],"y":[1]},"o":{"x":[0.333],"y":[0]},"t":1,"s":[500.5]},{"i":{"x":[0.667],"y":[1]},"o":{"x":[0.333],"y":[0]},"t":4,"s":[498.5]},{"i":{"x":[0.667],"y":[1]},"o":{"x":[0.333],"y":[0]},"t":7,"s":[500.5]},{"i":{"x":[0.667],"y":[1]},"o":{"x":[0.333],"y":[0]},"t":13,"s":[488.5]},{"i":{"x":[0.667],"y":[1]},"o":{"x":[0.333],"y":[0]},"t":16,"s":[500.5]},{"i":{"x":[0.667],"y":[1]},"o":{"x":[0.333],"y":[0]},"t":19,"s":[496.5]},{"i":{"x":[1],"y":[1]},"o":{"x":[0.68],"y":[0]},"t":24,"s":[500.5]},{"t":30,"s":[444.5]}],"ix":4}},"a":{"a":0,"k":[225,435.5,0],"ix":1,"l":2},"s":{"a":1,"k":[{"i":{"x":[0.401,0.283,0.667],"y":[1,1,1]},"o":{"x":[0.729,0.333,0.333],"y":[0,0,0]},"t":19,"s":[100,100,100]},{"i":{"x":[0.446,0.183,0.667],"y":[1,1,1]},"o":{"x":[0.127,0,0.333],"y":[0,0,0]},"t":24,"s":[100,95,100]},{"t":30,"s":[100,100,100]}],"ix":6,"l":2}},"ao":0,"hasMask":true,"masksProperties":[{"inv":false,"mode":"a","pt":{"a":0,"k":{"i":[[0,53.512],[47.99,14.479],[0,0],[0,0],[0.411,2.738],[0,0],[9.736,0],[0,0],[1.446,-9.628],[0,0],[-2.769,0],[0,0],[0,0],[0,-60.75],[-39.207,-26.547],[0,0],[-3.948,-0.421],[-35.897,4.09],[1.226,3.754],[0,0]],"o":[[0,-60.75],[0,0],[0,0],[2.769,0],[0,0],[-1.446,-9.628],[0,0],[-9.736,0],[0,0],[-0.411,2.738],[0,0],[0,0],[-47.99,14.479],[0,53.512],[0,0],[-1.232,3.774],[38.253,4.081],[3.924,-0.447],[0,0],[39.207,-26.547]],"v":[[345.585,271.493],[262.932,153.555],[262.932,139.422],[276.68,139.422],[281.158,134.221],[280.36,128.912],[260.907,112.162],[190.093,112.162],[170.64,128.912],[169.842,134.221],[174.32,139.422],[188.068,139.422],[188.068,153.555],[105.415,271.493],[171.518,404.716],[164.638,425.778],[169.914,433.925],[281.16,433.985],[286.383,425.842],[279.482,404.716]],"c":true},"ix":1},"o":{"a":0,"k":100,"ix":3},"x":{"a":0,"k":0,"ix":4},"nm":"Mask 1"}],"shapes":[{"ty":"gr","it":[{"ty":"gr","it":[{"ind":0,"ty":"sh","ix":1,"ks":{"a":0,"k":{"i":[[0,0],[-20.563,0],[-20.564,0],[-20.565,0],[-20.565,0],[-20.564,0],[-20.562,0],[-20.565,0],[-20.565,0],[-20.566,0],[-20.565,0],[-20.568,0],[-20.568,0]],"o":[[20.563,0],[20.564,0],[20.565,0],[20.565,0],[20.564,0],[20.562,0],[20.565,0],[20.565,0],[20.566,0],[20.565,0],[20.568,0],[20.568,0],[0,0]],"v":[[-246.779,-10],[-205.653,10],[-164.526,-10],[-123.397,10],[-82.267,-10],[-41.138,10],[-0.014,-10],[41.115,10],[82.245,-10],[123.377,10],[164.507,-10],[205.643,10],[246.779,-10]],"c":false},"ix":2},"nm":"Path 1","mn":"ADBE Vector Shape - Group","hd":false},{"ty":"st","c":{"a":0,"k":[1,1,1,1],"ix":3},"o":{"a":0,"k":100,"ix":4},"w":{"a":0,"k":8,"ix":5},"lc":2,"lj":2,"bm":0,"nm":"Stroke 1","mn":"ADBE Vector Graphic - Stroke","hd":false},{"ty":"tr","p":{"a":0,"k":[247,319.515],"ix":2},"a":{"a":0,"k":[0,0],"ix":1},"s":{"a":0,"k":[100,100],"ix":3},"r":{"a":0,"k":0,"ix":6},"o":{"a":0,"k":100,"ix":7},"sk":{"a":0,"k":0,"ix":4},"sa":{"a":0,"k":0,"ix":5},"nm":"Transform"}],"nm":"Group 1","np":2,"cix":2,"bm":0,"ix":1,"mn":"ADBE Vector Group","hd":false},{"ty":"gr","it":[{"ind":0,"ty":"sh","ix":1,"ks":{"a":0,"k":{"i":[[0,0],[-15.097,0],[0,0]],"o":[[0,0],[15.097,0],[0,0]],"v":[[-27.929,1.365],[1.014,-1.365],[27.929,1.365]],"c":false},"ix":2},"nm":"Path 1","mn":"ADBE Vector Shape - Group","hd":false},{"ty":"st","c":{"a":0,"k":[0,0.286274522543,0.525490224361,1],"ix":3},"o":{"a":0,"k":100,"ix":4},"w":{"a":0,"k":8,"ix":5},"lc":2,"lj":1,"ml":10,"bm":0,"nm":"Stroke 1","mn":"ADBE Vector Graphic - Stroke","hd":false},{"ty":"tr","p":{"a":0,"k":[222.252,182.078],"ix":2},"a":{"a":0,"k":[0,0],"ix":1},"s":{"a":0,"k":[100,100],"ix":3},"r":{"a":0,"k":0,"ix":6},"o":{"a":0,"k":100,"ix":7},"sk":{"a":0,"k":0,"ix":4},"sa":{"a":0,"k":0,"ix":5},"nm":"Transform"}],"nm":"Group 2","np":2,"cix":2,"bm":0,"ix":2,"mn":"ADBE Vector Group","hd":false},{"ty":"tr","p":{"a":1,"k":[{"i":{"x":0.667,"y":1},"o":{"x":0.167,"y":0.167},"t":0,"s":[244,255.114],"to":[0,0],"ti":[0,0]},{"i":{"x":1,"y":1},"o":{"x":0.68,"y":0},"t":24,"s":[210,255.114],"to":[0,0],"ti":[0,0]},{"t":29,"s":[262,255.114]}],"ix":2},"a":{"a":0,"k":[225,255.114],"ix":1},"s":{"a":0,"k":[100,100],"ix":3},"r":{"a":0,"k":0,"ix":6},"o":{"a":0,"k":100,"ix":7},"sk":{"a":0,"k":0,"ix":4},"sa":{"a":0,"k":0,"ix":5},"nm":"Transform"}],"nm":"Group 4","np":2,"cix":2,"bm":0,"ix":1,"mn":"ADBE Vector Group","hd":false},{"ty":"gr","it":[{"ind":0,"ty":"sh","ix":1,"ks":{"a":0,"k":{"i":[[0,0],[0,0],[0,0],[0,0]],"o":[[0,0],[0,0],[0,0],[0,0]],"v":[[225,250],[-225,250],[-225,-250],[225,-250]],"c":true},"ix":2},"nm":"Path 1","mn":"ADBE Vector Shape - Group","hd":false},{"ty":"fl","c":{"a":0,"k":[1,0.811764717102,0.117647059262,1],"ix":4},"o":{"a":0,"k":100,"ix":5},"r":1,"bm":0,"nm":"Fill 1","mn":"ADBE Vector Graphic - Fill","hd":false},{"ty":"tr","p":{"a":0,"k":[225,250],"ix":2},"a":{"a":0,"k":[0,0],"ix":1},"s":{"a":0,"k":[100,100],"ix":3},"r":{"a":0,"k":0,"ix":6},"o":{"a":0,"k":100,"ix":7},"sk":{"a":0,"k":0,"ix":4},"sa":{"a":0,"k":0,"ix":5},"nm":"Transform"}],"nm":"Group 3","np":2,"cix":2,"bm":0,"ix":2,"mn":"ADBE Vector Group","hd":false}],"ip":0,"op":29,"st":0,"bm":0},{"ddd":0,"ind":19,"ty":4,"nm":"circle5","sr":1,"ks":{"o":{"a":0,"k":100,"ix":11},"r":{"a":0,"k":0,"ix":10},"p":{"a":1,"k":[{"i":{"x":0.511,"y":1},"o":{"x":0.001,"y":0},"t":29,"s":[281.569,411.97,0],"to":[36.431,-61.72,0],"ti":[0,0,0]},{"t":240,"s":[379.069,348.97,0]}],"ix":2,"l":2},"a":{"a":0,"k":[0,0,0],"ix":1,"l":2},"s":{"a":0,"k":[100,100,100],"ix":6,"l":2}},"ao":0,"shapes":[{"ty":"gr","it":[{"ind":0,"ty":"sh","ix":1,"ks":{"a":0,"k":{"i":[[0,2.645],[2.645,0],[0,-2.645],[-2.645,0]],"o":[[0,-2.645],[-2.645,0],[0,2.645],[2.645,0]],"v":[[4.79,0],[0,-4.79],[-4.79,0],[0,4.79]],"c":true},"ix":2},"nm":"Path 1","mn":"ADBE Vector Shape - Group","hd":false},{"ty":"fl","c":{"a":0,"k":[0,0.164705887437,0.376470595598,1],"ix":4},"o":{"a":0,"k":100,"ix":5},"r":1,"bm":0,"nm":"Fill 1","mn":"ADBE Vector Graphic - Fill","hd":false},{"ty":"tr","p":{"a":0,"k":[0,0],"ix":2},"a":{"a":0,"k":[0,0],"ix":1},"s":{"a":0,"k":[100,100],"ix":3},"r":{"a":0,"k":0,"ix":6},"o":{"a":0,"k":100,"ix":7},"sk":{"a":0,"k":0,"ix":4},"sa":{"a":0,"k":0,"ix":5},"nm":"Transform"}],"nm":"Group 1","np":2,"cix":2,"bm":0,"ix":1,"mn":"ADBE Vector Group","hd":false}],"ip":29,"op":1829,"st":29,"bm":0},{"ddd":0,"ind":20,"ty":4,"nm":"circle3","sr":1,"ks":{"o":{"a":0,"k":100,"ix":11},"r":{"a":0,"k":0,"ix":10},"p":{"a":1,"k":[{"i":{"x":0,"y":1},"o":{"x":0.001,"y":0},"t":29,"s":[176.422,293.758,0],"to":[0,0,0],"ti":[0,0,0]},{"i":{"x":0.831,"y":0.997},"o":{"x":0.174,"y":0},"t":40,"s":[49.047,215.633,0],"to":[0,0,0],"ti":[0,0,0]},{"t":240,"s":[5.922,191.133,0]}],"ix":2,"l":2},"a":{"a":0,"k":[0,0,0],"ix":1,"l":2},"s":{"a":0,"k":[100,100,100],"ix":6,"l":2}},"ao":0,"shapes":[{"ty":"gr","it":[{"ind":0,"ty":"sh","ix":1,"ks":{"a":0,"k":{"i":[[0,2.645],[2.645,0],[0,-2.645],[-2.645,0]],"o":[[0,-2.645],[-2.645,0],[0,2.645],[2.645,0]],"v":[[4.79,0],[0,-4.79],[-4.79,0],[0,4.79]],"c":true},"ix":2},"nm":"Path 1","mn":"ADBE Vector Shape - Group","hd":false},{"ty":"fl","c":{"a":0,"k":[0,0.164705887437,0.376470595598,1],"ix":4},"o":{"a":0,"k":100,"ix":5},"r":1,"bm":0,"nm":"Fill 1","mn":"ADBE Vector Graphic - Fill","hd":false},{"ty":"tr","p":{"a":0,"k":[0,0],"ix":2},"a":{"a":0,"k":[0,0],"ix":1},"s":{"a":0,"k":[100,100],"ix":3},"r":{"a":0,"k":0,"ix":6},"o":{"a":0,"k":100,"ix":7},"sk":{"a":0,"k":0,"ix":4},"sa":{"a":0,"k":0,"ix":5},"nm":"Transform"}],"nm":"Group 1","np":2,"cix":2,"bm":0,"ix":1,"mn":"ADBE Vector Group","hd":false}],"ip":29,"op":1829,"st":29,"bm":0},{"ddd":0,"ind":21,"ty":4,"nm":"half_circle","sr":1,"ks":{"o":{"a":0,"k":100,"ix":11},"r":{"a":1,"k":[{"i":{"x":[0.511],"y":[1]},"o":{"x":[0.001],"y":[0]},"t":30,"s":[0]},{"t":240,"s":[-133]}],"ix":10},"p":{"a":0,"k":[148.803,206.534,0],"ix":2,"l":2},"a":{"a":0,"k":[0,-29.585,0],"ix":1,"l":2},"s":{"a":0,"k":[100,100,100],"ix":6,"l":2}},"ao":0,"shapes":[{"ty":"gr","it":[{"ind":0,"ty":"sh","ix":1,"ks":{"a":0,"k":{"i":[[0,0],[-32.679,0],[0,32.679]],"o":[[0,32.679],[32.679,0],[0,0]],"v":[[-59.171,-29.585],[0,29.585],[59.171,-29.585]],"c":true},"ix":2},"nm":"Path 1","mn":"ADBE Vector Shape - Group","hd":false},{"ty":"fl","c":{"a":0,"k":[0.117647066303,0.517647058824,0.219607858097,1],"ix":4},"o":{"a":0,"k":100,"ix":5},"r":1,"bm":0,"nm":"Fill 1","mn":"ADBE Vector Graphic - Fill","hd":false},{"ty":"tr","p":{"a":0,"k":[0,0],"ix":2},"a":{"a":0,"k":[0,0],"ix":1},"s":{"a":0,"k":[100,100],"ix":3},"r":{"a":0,"k":0,"ix":6},"o":{"a":0,"k":100,"ix":7},"sk":{"a":0,"k":0,"ix":4},"sa":{"a":0,"k":0,"ix":5},"nm":"Transform"}],"nm":"Group 1","np":2,"cix":2,"bm":0,"ix":1,"mn":"ADBE Vector Group","hd":false}],"ip":30,"op":1830,"st":30,"bm":0},{"ddd":0,"ind":22,"ty":4,"nm":"shadow","sr":1,"ks":{"o":{"a":0,"k":100,"ix":11},"r":{"a":0,"k":0,"ix":10},"p":{"a":0,"k":[250,497.963,0],"ix":2,"l":2},"a":{"a":0,"k":[0,0,0],"ix":1,"l":2},"s":{"a":0,"k":[100,100,100],"ix":6,"l":2}},"ao":0,"shapes":[{"ty":"gr","it":[{"ind":0,"ty":"sh","ix":1,"ks":{"a":0,"k":{"i":[[0,-8.09],[56.301,0],[0,8.09],[-56.301,0]],"o":[[0,8.09],[-56.301,0],[0,-8.09],[56.301,0]],"v":[[101.942,0],[0,14.647],[-101.942,0],[0,-14.647]],"c":true},"ix":2},"nm":"Path 1","mn":"ADBE Vector Shape - Group","hd":false},{"ty":"fl","c":{"a":0,"k":[0,0.164705887437,0.376470595598,1],"ix":4},"o":{"a":0,"k":100,"ix":5},"r":1,"bm":0,"nm":"Fill 1","mn":"ADBE Vector Graphic - Fill","hd":false},{"ty":"tr","p":{"a":0,"k":[0,0],"ix":2},"a":{"a":0,"k":[0,0],"ix":1},"s":{"a":0,"k":[100,100],"ix":3},"r":{"a":0,"k":0,"ix":6},"o":{"a":0,"k":100,"ix":7},"sk":{"a":0,"k":0,"ix":4},"sa":{"a":0,"k":0,"ix":5},"nm":"Transform"}],"nm":"Group 1","np":2,"cix":2,"bm":0,"ix":1,"mn":"ADBE Vector Group","hd":false}],"ip":0,"op":1800,"st":0,"bm":0},{"ddd":0,"ind":23,"ty":4,"nm":"bg","sr":1,"ks":{"o":{"a":0,"k":100,"ix":11},"r":{"a":0,"k":0,"ix":10},"p":{"s":true,"x":{"a":0,"k":250,"ix":3},"y":{"a":0,"k":275,"ix":4}},"a":{"a":0,"k":[0,0,0],"ix":1,"l":2},"s":{"a":0,"k":[100,100,100],"ix":6,"l":2}},"ao":0,"shapes":[{"ty":"gr","it":[{"ty":"rc","d":1,"s":{"a":0,"k":[500,550],"ix":2},"p":{"a":0,"k":[0,0],"ix":3},"r":{"a":0,"k":0,"ix":4},"nm":"Rectangle Path 1","mn":"ADBE Vector Shape - Rect","hd":false},{"ty":"fl","c":{"a":0,"k":[0,0.286274509804,0.525490196078,1],"ix":4},"o":{"a":0,"k":100,"ix":5},"r":1,"bm":0,"nm":"Fill 1","mn":"ADBE Vector Graphic - Fill","hd":false},{"ty":"tr","p":{"a":0,"k":[0,0],"ix":2},"a":{"a":0,"k":[0,0],"ix":1},"s":{"a":0,"k":[100,100],"ix":3},"r":{"a":0,"k":0,"ix":6},"o":{"a":0,"k":100,"ix":7},"sk":{"a":0,"k":0,"ix":4},"sa":{"a":0,"k":0,"ix":5},"nm":"Transform"}],"nm":"Rectangle 1","np":3,"cix":2,"bm":0,"ix":1,"mn":"ADBE Vector Group","hd":false}],"ip":0,"op":1800,"st":0,"bm":0}],"markers":[]}